ht_mode,alpha_mshr_hit_factor,llc_extra_ns,llc_extra_cyc,tL1_hit_cyc,tL2_hit_cyc,tL3_hit_cyc,m1_L1_miss_rate,m2_L2_miss_rate,m3_L3_miss_rate,p1_L1_new_mshr_frac,p2_L2_new_mshr_frac,p3_L3_new_mshr_frac,dram_avg_cyc,amat_stats_cyc,amat_textbook_cyc,amat_textbook_mshr_cyc,abs_err_textbook,abs_err_textbook_mshr,dram_num_reads_data,dram_num_reads_inst,dram_num_reads_total,dram_num_writes,dram_read_bursts,dram_write_bursts,dram_bytes_read_data,dram_bytes_read_inst,dram_bytes_read_total,dram_bytes_read_data_MB,dram_avg_q_lat_cyc,dram_avg_bus_lat_cyc,dram_avg_mem_acc_lat_cyc,dram_tot_q_lat_ticks,dram_tot_bus_lat_ticks,dram_tot_mem_acc_lat_ticks,dram_bw_read_total_Bps,dram_bw_read_data_Bps,dram_bw_total_Bps,sys_avg_rd_bw_Bps,sim_seconds,sim_ticks,benchmark
tag+data,0.5,40.0,120.12012012012012,4.0,20.0,60.0,0.030137,0.672375,0.069097,0.030137,0.672375,0.069097,239.13948948948948,5.824186385900713,8.587408033882479,5.959502327560535,2.7632216479817657,0.13531594165982153,25500.0,1879.0,27379.0,0.0,27379.0,0.0,738219.0,51334.0,789553.0,0.7040205001831055,186.61096096096097,10.006006006006006,239.13948948948948,1701370752.0,91226828.0,2180284220.0,30427856.0,28449542.0,30427856.0,67528579.36426209,0.025948,25948361664.0,433milc
tag+data+resp,0.5,40.0,120.12012012012012,6.0,30.0,90.0,0.030137,0.672375,0.069097,0.030137,0.672375,0.069097,239.13948948948948,7.824186385900713,11.496678995132479,8.376547721562856,3.6724926092317656,0.5523613356621428,25500.0,1879.0,27379.0,0.0,27379.0,0.0,738219.0,51334.0,789553.0,0.7040205001831055,186.61096096096097,10.006006006006006,239.13948948948948,1701370752.0,91226828.0,2180284220.0,30427856.0,28449542.0,30427856.0,67528579.36426209,0.025948,25948361664.0,433milc
tag+data,0.5,40.0,120.12012012012012,4.0,20.0,60.0,0.439759,0.998656,0.952246,0.439759,0.998656,0.952246,291.0772972972973,195.58459001889005,213.62550948108142,152.71704142260958,18.04091946219137,42.86754859628047,201359421.0,1625.0,201361046.0,23296666.0,201308469.0,23296666.0,5303812077.0,43898.0,5303855975.0,5058.109356880188,238.54876876876878,10.006006006006006,291.0772972972973,15991289306644.0,670759818708.0,19512577046392.0,380255971.0,380252824.0,487153418.0,923931454.1487222,13.94812,13948120162089.0,462libquantum
tag+data+resp,0.5,40.0,120.12012012012012,6.0,30.0,90.0,0.439759,0.998656,0.952246,0.439759,0.998656,0.952246,291.0772972972973,197.58459001889005,233.19813839820142,167.36084319718375,35.61354837931137,30.2237468217063,201359421.0,1625.0,201361046.0,23296666.0,201308469.0,23296666.0,5303812077.0,43898.0,5303855975.0,5058.109356880188,238.54876876876878,10.006006006006006,291.0772972972973,15991289306644.0,670759818708.0,19512577046392.0,380255971.0,380252824.0,487153418.0,923931454.1487222,13.94812,13948120162089.0,462libquantum
tag+data,0.5,40.0,120.12012012012012,4.0,20.0,60.0,0.039316,0.871556,0.144984,0.039316,0.871556,0.144984,240.59084084084085,7.754925770301325,12.153597139566473,7.7427263031089595,4.3986713692651485,0.012199467192365532,20381.0,1641.0,22022.0,0.0,22022.0,0.0,589838.0,44985.0,634823.0,0.5625133514404297,188.06231231231232,10.006006006006006,240.59084084084085,1379122219.0,73377304.0,1764331043.0,81295547.0,75534760.0,81295547.0,180489040.8424337,0.007809,7808828688.0,473astar
tag+data+resp,0.5,40.0,120.12012012012012,6.0,30.0,90.0,0.039316,0.871556,0.144984,0.039316,0.871556,0.144984,240.59084084084085,9.754925770301325,15.574740010446472,10.446927203356868,5.819814240145147,0.6920014330555428,20381.0,1641.0,22022.0,0.0,22022.0,0.0,589838.0,44985.0,634823.0,0.5625133514404297,188.06231231231232,10.006006006006006,240.59084084084085,1379122219.0,73377304.0,1764331043.0,81295547.0,75534760.0,81295547.0,180489040.8424337,0.007809,7808828688.0,473astar
tag+data,0.5,40.0,120.12012012012012,4.0,20.0,60.0,0.204466,0.530648,0.023901,0.204466,0.530648,0.023901,238.29342342342343,12.481575692450038,28.250211733883358,15.615941653704013,15.76863604143332,3.134365961253975,159616.0,1650.0,161266.0,0.0,161266.0,0.0,4627576.0,45057.0,4672633.0,4.413200378417969,185.7648948948949,10.006006006006006,238.29342342342343,9975868145.0,537338312.0,12796733017.0,27181363.0,26919260.0,27181363.0,60038846.81010681,0.171906,171905766822.0,605mcf_s
tag+data+resp,0.5,40.0,120.12012012012012,6.0,30.0,90.0,0.204466,0.530648,0.023901,0.204466,0.530648,0.023901,238.29342342342343,14.481575692450038,35.54985595292336,20.34753657042785,21.068280260473323,5.865960877977811,159616.0,1650.0,161266.0,0.0,161266.0,0.0,4627576.0,45057.0,4672633.0,4.413200378417969,185.7648948948949,10.006006006006006,238.29342342342343,9975868145.0,537338312.0,12796733017.0,27181363.0,26919260.0,27181363.0,60038846.81010681,0.171906,171905766822.0,605mcf_s
tag+data,0.5,40.0,120.12012012012012,4.0,20.0,60.0,0.122444,0.995579,0.999864,0.122444,0.995579,0.999864,280.04045045045046,58.420183570257905,62.539041792565676,36.78251396801063,4.118858222307772,21.63766960224727,30678360.0,1920.0,30680280.0,8104488.0,30680031.0,8104488.0,991231485.0,52383.0,991283868.0,945.312008857727,227.51192192192192,10.006006006006006,280.04045045045046,2324364359738.0,102225863292.0,2861019461990.0,367105137.0,367085738.0,559203920.0,727162905.3656659,2.700272,2700272394963.0,619lbm_s
tag+data+resp,0.5,40.0,120.12012012012012,6.0,30.0,90.0,0.122444,0.995579,0.999864,0.122444,0.995579,0.999864,280.04045045045046,60.420183570257905,69.42056204484567,41.51759362191448,9.000378474587762,18.902589948343426,30678360.0,1920.0,30680280.0,8104488.0,30680031.0,8104488.0,991231485.0,52383.0,991283868.0,945.312008857727,227.51192192192192,10.006006006006006,280.04045045045046,2324364359738.0,102225863292.0,2861019461990.0,367105137.0,367085738.0,559203920.0,727162905.3656659,2.700272,2700272394963.0,619lbm_s
tag+data,0.5,40.0,120.12012012012012,4.0,20.0,60.0,0.033875,0.308222,0.39844,0.033875,0.308222,0.39844,244.84096096096093,6.317641358192404,7.5767056266627275,5.226954097627347,1.2590642684703237,1.0906872605650566,230066.0,1744.0,231810.0,0.0,231810.0,0.0,6670745.0,47860.0,6718605.0,6.36171817779541,192.31243243243244,10.006006006006006,244.84096096096093,14845121780.0,772390920.0,18899942300.0,66931803.0,66455014.0,66931803.0,147796979.3887675,0.10038,100379859327.0,620onmetpp_s
tag+data+resp,0.5,40.0,120.12012012012012,6.0,30.0,90.0,0.033875,0.308222,0.39844,0.033875,0.308222,0.39844,244.84096096096093,8.317641358192404,10.228686234162728,7.507980752189786,1.9110448759703242,0.8096606060026179,230066.0,1744.0,231810.0,0.0,231810.0,0.0,6670745.0,47860.0,6718605.0,6.36171817779541,192.31243243243244,10.006006006006006,244.84096096096093,14845121780.0,772390920.0,18899942300.0,66931803.0,66455014.0,66931803.0,147796979.3887675,0.10038,100379859327.0,620onmetpp_s
tag+data,0.5,40.0,120.12012012012012,4.0,20.0,60.0,0.00034,0.211657,1.0,0.00034,0.211657,1.0,242.08126126126126,4.033870707124876,4.037183038444874,4.012607740478053,0.003312331319997419,0.021262966646823145,5139.0,1654.0,6793.0,0.0,6793.0,0.0,147897.0,45250.0,193147.0,0.14104557037353516,189.55273273273272,10.006006006006006,242.08126126126126,428781361.0,22634276.0,547604517.0,1239277.0,948942.0,1239277.0,2789472.71392864,0.155855,155854544778.0,625x264_s
tag+data+resp,0.5,40.0,120.12012012012012,6.0,30.0,90.0,0.00034,0.211657,1.0,0.00034,0.211657,1.0,242.08126126126126,6.033870707124876,6.042741939844873,6.014962502823537,0.008871232719997124,0.018908204301339104,5139.0,1654.0,6793.0,0.0,6793.0,0.0,147897.0,45250.0,193147.0,0.14104557037353516,189.55273273273272,10.006006006006006,242.08126126126126,428781361.0,22634276.0,547604517.0,1239277.0,948942.0,1239277.0,2789472.71392864,0.155855,155854544778.0,625x264_s
tag+data,0.5,40.0,120.12012012012012,4.0,20.0,60.0,0.003328,0.071886,0.995466,0.003328,0.071886,0.995466,240.14681681681682,4.146948159866286,4.16684274948796,4.060318248795468,0.019894589621674008,0.0866299110708173,9921.0,1657.0,11578.0,0.0,11578.0,0.0,286554.0,45253.0,331807.0,0.27327919006347656,187.61828828828828,10.006006006006006,240.14681681681682,723357394.0,38577896.0,925879770.0,5466332.0,4720814.0,5466332.0,12207422.09985914,0.0607,60700121118.0,638imagick_s
tag+data+resp,0.5,40.0,120.12012012012012,6.0,30.0,90.0,0.003328,0.071886,0.995466,0.003328,0.071886,0.995466,240.14681681681682,6.146948159866286,6.207299847727959,6.078943285098384,0.06035168786167322,0.06800487476790185,9921.0,1657.0,11578.0,0.0,11578.0,0.0,286554.0,45253.0,331807.0,0.27327919006347656,187.61828828828828,10.006006006006006,240.14681681681682,723357394.0,38577896.0,925879770.0,5466332.0,4720814.0,5466332.0,12207422.09985914,0.0607,60700121118.0,638imagick_s
tag+data,0.5,40.0,120.12012012012012,4.0,20.0,60.0,0.078159,0.999935,0.102896,0.078159,0.999935,0.102896,237.6976276276276,11.345828330559995,21.551772523083006,12.999325251114824,10.205944192523011,1.6534969205548293,114615.0,1612.0,116227.0,0.0,116227.0,0.0,3322638.0,44011.0,3366649.0,3.1687145233154297,185.1690990990991,10.006006006006006,237.6976276276276,7166709523.0,387268364.0,9199752207.0,82512615.0,81433957.0,82512615.0,182309590.33510885,0.040802,40801627530.0,degreeCentr
tag+data+resp,0.5,40.0,120.12012012012012,6.0,30.0,90.0,0.078159,0.999935,0.102896,0.078159,0.999935,0.102896,237.6976276276276,13.345828330559995,26.677980113033005,16.684558597704736,13.33215178247301,3.338730267144742,114615.0,1612.0,116227.0,0.0,116227.0,0.0,3322638.0,44011.0,3366649.0,3.1687145233154297,185.1690990990991,10.006006006006006,237.6976276276276,7166709523.0,387268364.0,9199752207.0,82512615.0,81433957.0,82512615.0,182309590.33510885,0.040802,40801627530.0,degreeCentr
tag+data,0.5,40.0,120.12012012012012,4.0,20.0,60.0,0.185846,0.102115,0.107747,0.185846,0.102115,0.107747,238.40150150150149,8.486882675848873,11.622659318154259,7.408930248878974,3.1357766423053857,1.0779524269698992,86496.0,1651.0,88147.0,0.0,88147.0,0.0,2507145.0,45058.0,2552203.0,2.3909997940063477,185.87297297297297,10.006006006006006,238.40150150150149,5455920275.0,293705804.0,6997787599.0,28377347.0,27876357.0,28377347.0,62725492.78302928,0.089938,89938041930.0,graphColoring
tag+data+resp,0.5,40.0,120.12012012012012,6.0,30.0,90.0,0.185846,0.102115,0.107747,0.185846,0.102115,0.107747,238.40150150150149,10.486882675848873,16.05044924685426,10.696873751597849,5.563566571005387,0.20999107574897558,86496.0,1651.0,88147.0,0.0,88147.0,0.0,2507145.0,45058.0,2552203.0,2.3909997940063477,185.87297297297297,10.006006006006006,238.40150150150149,5455920275.0,293705804.0,6997787599.0,28377347.0,27876357.0,28377347.0,62725492.78302928,0.089938,89938041930.0,graphColoring
tag+data,0.5,40.0,120.12012012012012,4.0,20.0,60.0,0.262461,0.462945,0.115838,0.262461,0.462945,0.115838,237.6157657657658,16.56317081014246,34.47913401890215,18.280153190725905,17.915963208759692,1.7169823805834454,176140.0,1634.0,177774.0,0.0,177774.0,0.0,5106835.0,44663.0,5151498.0,4.870257377624512,185.08723723723725,10.006006006006006,237.6157657657658,10956931536.0,592342968.0,14066554344.0,93044662.0,92237973.0,93044662.0,205497311.40162364,0.055366,55365863049.0,kCore
tag+data+resp,0.5,40.0,120.12012012012012,6.0,30.0,90.0,0.262461,0.462945,0.115838,0.262461,0.462945,0.115838,237.6157657657658,18.56317081014246,42.74889424825215,23.619954094107456,24.18572343810969,5.056783283964997,176140.0,1634.0,177774.0,0.0,177774.0,0.0,5106835.0,44663.0,5151498.0,4.870257377624512,185.08723723723725,10.006006006006006,237.6157657657658,10956931536.0,592342968.0,14066554344.0,93044662.0,92237973.0,93044662.0,205497311.40162364,0.055366,55365863049.0,kCore
tag+data,0.5,40.0,120.12012012012012,4.0,20.0,60.0,0.364502,0.602598,0.018358,0.364502,0.602598,0.018358,238.2441141141141,17.03939905638259,51.813767912256914,30.869661320635373,34.77436885587433,13.830262264252784,154063.0,1929.0,155992.0,0.0,155992.0,0.0,4466476.0,52770.0,4519246.0,4.259563446044922,185.7155855855856,10.006006006006006,238.2441141141141,9647058210.0,519765344.0,12375670274.0,22453862.0,22191674.0,22453862.0,49602934.38741466,0.201268,201268092771.0,pageRank
tag+data+resp,0.5,40.0,120.12012012012012,6.0,30.0,90.0,0.364502,0.602598,0.018358,0.364502,0.602598,0.018358,238.2441141141141,19.03939905638259,64.04823319813691,38.958844225915726,45.00883414175432,19.919445169533137,154063.0,1929.0,155992.0,0.0,155992.0,0.0,4466476.0,52770.0,4519246.0,4.259563446044922,185.7155855855856,10.006006006006006,238.2441141141141,9647058210.0,519765344.0,12375670274.0,22453862.0,22191674.0,22453862.0,49602934.38741466,0.201268,201268092771.0,pageRank
tag+data,0.5,40.0,120.12012012012012,4.0,20.0,60.0,0.124456,0.833344,0.046723,0.124456,0.833344,0.046723,238.21720720720722,12.044082241311889,26.324584432472527,15.338658617215472,14.280502191160638,3.294576375903583,92111.0,1635.0,93746.0,0.0,93746.0,0.0,2670008.0,44601.0,2714609.0,2.5463180541992188,185.68867867867868,10.006006006006006,238.21720720720722,5796721346.0,312361672.0,7436526378.0,33506344.0,32955835.0,33506344.0,74054673.84282951,0.081018,81017762805.0,triangleCount
tag+data+resp,0.5,40.0,120.12012012012012,6.0,30.0,90.0,0.124456,0.833344,0.046723,0.124456,0.833344,0.046723,238.21720720720722,14.044082241311889,32.68058425839253,19.641954801278025,18.636502017080637,5.597872559966136,92111.0,1635.0,93746.0,0.0,93746.0,0.0,2670008.0,44601.0,2714609.0,2.5463180541992188,185.68867867867868,10.006006006006006,238.21720720720722,5796721346.0,312361672.0,7436526378.0,33506344.0,32955835.0,33506344.0,74054673.84282951,0.081018,81017762805.0,triangleCount
