size,compute,mem_latency_ns,status,simSeconds,simTicks,simInsts,hostSeconds,busBusyTicks,dmaBytes,dmaPackets,topPioCount
8,c5,0,PASS,1.828329,1828329357000,1077251917,3558.77,40108032000,75497472,2359296,491520
8,c5,2,PASS,1.828329,1828329357000,1077251917,3643.58,40108032000,75497472,2359296,491520
8,c5,4,PASS,1.828329,1828329357000,1077251917,3624.14,40108032000,75497472,2359296,491520
8,c5,8,PASS,1.835264,1835263980000,1077251917,3655.06,40108032000,75497472,2359296,491520
8,c5,16,PASS,1.977215,1977214573000,1077251917,3461.12,40108032000,75497472,2359296,491520
8,c5,32,PASS,2.227796,2227795906000,1077251917,3776.47,40108032000,75497472,2359296,491520
8,c5,64,PASS,2.659794,2659794364000,1077251917,3841.22,40108032000,75497472,2359296,491520
8,c5,128,PASS,3.531697,3531697094000,1077251917,3715.87,40108032000,75497472,2359296,491520
8,c9,0,PASS,1.869484,1869484259000,1077251917,3444.24,40108032000,75497472,2359296,491520
8,c9,2,PASS,1.869484,1869484259000,1077251917,3625.60,40108032000,75497472,2359296,491520
8,c9,4,PASS,1.869484,1869484259000,1077251917,3687.62,40108032000,75497472,2359296,491520
8,c9,8,PASS,1.876620,1876620382000,1077251917,3713.76,40108032000,75497472,2359296,491520
8,c9,16,PASS,1.985003,1985003397000,1077251917,3462.30,40108032000,75497472,2359296,491520
8,c9,32,PASS,2.227796,2227795906000,1077251917,3570.00,40108032000,75497472,2359296,491520
8,c9,64,PASS,2.659794,2659794364000,1077251917,3869.92,40108032000,75497472,2359296,491520
8,c9,128,PASS,3.531697,3531697094000,1077251917,3674.08,40108032000,75497472,2359296,491520
8,c14,0,PASS,1.971072,1971071546000,1077251917,3683.23,40108032000,75497472,2359296,491520
8,c14,2,PASS,1.971072,1971071546000,1077251917,4409.48,40108032000,75497472,2359296,491520
8,c14,4,PASS,1.971072,1971071546000,1077251917,4557.57,40108032000,75497472,2359296,491520
8,c14,8,PASS,1.977215,1977214573000,1077251917,3677.48,40108032000,75497472,2359296,491520
8,c14,16,PASS,1.999978,1999978139000,1077251917,4498.10,40108032000,75497472,2359296,491520
8,c14,32,PASS,2.241207,2241206820000,1077251917,3964.02,40108032000,75497472,2359296,491520
8,c14,64,PASS,2.659794,2659794364000,1077251917,3879.05,40108032000,75497472,2359296,491520
8,c14,128,PASS,3.531697,3531697094000,1077251917,3572.86,40108032000,75497472,2359296,491520
8,c18,0,PASS,2.041797,2041796506000,1077251917,4527.59,40108032000,75497472,2359296,491520
8,c18,2,PASS,2.041797,2041796506000,1077251917,3550.16,40108032000,75497472,2359296,491520
8,c18,4,PASS,2.041797,2041796506000,1077251917,4462.36,40108032000,75497472,2359296,491520
8,c18,8,PASS,2.048163,2048162549000,1077251917,3599.67,40108032000,75497472,2359296,491520
8,c18,16,PASS,2.055526,2055525625000,1077251917,4533.70,40108032000,75497472,2359296,491520
8,c18,32,PASS,2.248006,2248005789000,1077251917,3793.74,40108032000,75497472,2359296,491520
8,c18,64,PASS,2.674437,2674436545000,1077251917,3803.01,40108032000,75497472,2359296,491520
8,c18,128,PASS,3.531697,3531697094000,1077251917,3573.25,40108032000,75497472,2359296,491520
8,c50,0,PASS,3.459390,3459389639000,1077251917,3492.99,40108032000,75497472,2359296,491520
8,c50,2,PASS,3.459390,3459389639000,1077251917,4096.75,40108032000,75497472,2359296,491520
8,c50,4,PASS,3.459390,3459389639000,1077251917,3563.08,40108032000,75497472,2359296,491520
8,c50,8,PASS,3.466646,3466646193000,1077251917,3593.09,40108032000,75497472,2359296,491520
8,c50,16,PASS,3.466646,3466646193000,1077251917,3645.14,40108032000,75497472,2359296,491520
8,c50,32,PASS,3.475001,3475000607000,1077251917,4062.97,40108032000,75497472,2359296,491520
8,c50,64,PASS,3.505010,3505009582000,1077251917,3900.05,40108032000,75497472,2359296,491520
8,c50,128,PASS,3.676763,3676762608000,1077251917,4035.70,40108032000,75497472,2359296,491520
8,c500,0,PASS,19.389372,19389371645000,1077251917,4548.94,40108032000,75497472,2359296,491520
8,c500,2,PASS,19.389372,19389371645000,1077251917,4665.26,40108032000,75497472,2359296,491520
8,c500,4,PASS,19.389372,19389371645000,1077251917,4575.58,40108032000,75497472,2359296,491520
8,c500,8,PASS,19.396663,19396663008000,1077251917,4488.91,40108032000,75497472,2359296,491520
8,c500,16,PASS,19.396663,19396663008000,1077251917,4500.85,40108032000,75497472,2359296,491520
8,c500,32,PASS,19.396963,19396963303000,1077251917,4545.88,40108032000,75497472,2359296,491520
8,c500,64,PASS,19.429789,19429788962000,1077251917,4603.33,40108032000,75497472,2359296,491520
8,c500,128,PASS,19.510472,19510471615000,1077251917,5114.08,40108032000,75497472,2359296,491520
8,c5000,0,PASS,178.636272,178636272451000,1077251917,14720.31,40108032000,75497472,2359296,491520
8,c5000,2,PASS,178.636272,178636272451000,1077251917,14879.25,40108032000,75497472,2359296,491520
8,c5000,4,PASS,178.636272,178636272451000,1077251917,14939.81,40108032000,75497472,2359296,491520
8,c5000,8,PASS,178.642733,178642732749000,1077251917,14649.15,40108032000,75497472,2359296,491520
8,c5000,16,PASS,178.649915,178649914746000,1077251917,14792.47,40108032000,75497472,2359296,491520
8,c5000,32,PASS,178.650179,178650179464000,1077251917,15033.03,40108032000,75497472,2359296,491520
8,c5000,64,PASS,178.683985,178683984749000,1077251917,15102.59,40108032000,75497472,2359296,491520
8,c5000,128,PASS,178.765344,178765344157000,1077251917,15141.78,40108032000,75497472,2359296,491520
16,c5,0,PASS,1.071503,1071502946000,942926467,3500.81,20635392000,37748736,1179648,61440
16,c5,2,PASS,1.071503,1071502946000,942926467,3501.97,20635392000,37748736,1179648,61440
16,c5,4,PASS,1.071503,1071502946000,942926467,3524.00,20635392000,37748736,1179648,61440
16,c5,8,PASS,1.071554,1071553892000,942926467,3509.43,20635392000,37748736,1179648,61440
16,c5,16,PASS,1.206615,1206614507000,942926467,3547.65,20635392000,37748736,1179648,61440
16,c5,32,PASS,1.455262,1455262198000,942926467,3623.83,20635392000,37748736,1179648,61440
16,c5,64,PASS,1.855944,1855944128000,942926467,3695.82,20635392000,37748736,1179648,61440
16,c5,128,PASS,2.660110,2660110167000,942926467,3902.50,20635392000,37748736,1179648,61440
16,c9,0,PASS,1.073161,1073160679000,942926467,3418.32,20635392000,37748736,1179648,61440
16,c9,2,PASS,1.073161,1073160679000,942926467,3325.45,20635392000,37748736,1179648,61440
16,c9,4,PASS,1.073161,1073160679000,942926467,3422.83,20635392000,37748736,1179648,61440
16,c9,8,PASS,1.073244,1073244345000,942926467,3291.96,20635392000,37748736,1179648,61440
16,c9,16,PASS,1.209269,1209269070000,942926467,3354.25,20635392000,37748736,1179648,61440
16,c9,32,PASS,1.456137,1456137111000,942926467,3499.78,20635392000,37748736,1179648,61440
16,c9,64,PASS,1.855944,1855944128000,942926467,3607.81,20635392000,37748736,1179648,61440
16,c9,128,PASS,2.660110,2660110167000,942926467,3895.11,20635392000,37748736,1179648,61440
16,c14,0,PASS,1.076731,1076730842000,942926467,3572.15,20635392000,37748736,1179648,61440
16,c14,2,PASS,1.076731,1076730842000,942926467,3610.84,20635392000,37748736,1179648,61440
16,c14,4,PASS,1.076731,1076730842000,942926467,3605.87,20635392000,37748736,1179648,61440
16,c14,8,PASS,1.076811,1076811404000,942926467,3601.80,20635392000,37748736,1179648,61440
16,c14,16,PASS,1.211784,1211784022000,942926467,3631.38,20635392000,37748736,1179648,61440
16,c14,32,PASS,1.459626,1459625698000,942926467,3712.56,20635392000,37748736,1179648,61440
16,c14,64,PASS,1.855944,1855944128000,942926467,3802.07,20635392000,37748736,1179648,61440
16,c14,128,PASS,2.660110,2660110167000,942926467,3983.70,20635392000,37748736,1179648,61440
16,c18,0,PASS,1.109341,1109341179000,942926467,3552.55,20635392000,37748736,1179648,61440
16,c18,2,PASS,1.109341,1109341179000,942926467,3589.73,20635392000,37748736,1179648,61440
16,c18,4,PASS,1.109341,1109341179000,942926467,3315.37,20635392000,37748736,1179648,61440
16,c18,8,PASS,1.109405,1109404606000,942926467,3443.99,20635392000,37748736,1179648,61440
16,c18,16,PASS,1.213611,1213610608000,942926467,3630.43,20635392000,37748736,1179648,61440
16,c18,32,PASS,1.461483,1461483084000,942926467,3438.83,20635392000,37748736,1179648,61440
16,c18,64,PASS,1.858842,1858842110000,942926467,3643.44,20635392000,37748736,1179648,61440
16,c18,128,PASS,2.660110,2660110167000,942926467,3948.09,20635392000,37748736,1179648,61440
16,c50,0,PASS,1.778510,1778509758000,942926467,3727.19,20635392000,37748736,1179648,61440
16,c50,2,PASS,1.778510,1778509758000,942926467,3281.03,20635392000,37748736,1179648,61440
16,c50,4,PASS,1.778510,1778509758000,942926467,3386.05,20635392000,37748736,1179648,61440
16,c50,8,PASS,1.778568,1778568034000,942926467,3395.58,20635392000,37748736,1179648,61440
16,c50,16,PASS,1.778568,1778568034000,942926467,3327.83,20635392000,37748736,1179648,61440
16,c50,32,PASS,1.780523,1780523182000,942926467,3414.07,20635392000,37748736,1179648,61440
16,c50,64,PASS,1.897059,1897059214000,942926467,3508.95,20635392000,37748736,1179648,61440
16,c50,128,PASS,2.695317,2695317086000,942926467,3740.24,20635392000,37748736,1179648,61440
16,c500,0,PASS,9.298172,9298172265000,942926467,4109.31,20635392000,37748736,1179648,61440
16,c500,2,PASS,9.298172,9298172265000,942926467,3967.90,20635392000,37748736,1179648,61440
16,c500,4,PASS,9.298172,9298172265000,942926467,3944.77,20635392000,37748736,1179648,61440
16,c500,8,PASS,9.298222,9298222144000,942926467,3986.02,20635392000,37748736,1179648,61440
16,c500,16,PASS,9.299030,9299029743000,942926467,4015.59,20635392000,37748736,1179648,61440
16,c500,32,PASS,9.300823,9300823020000,942926467,3791.13,20635392000,37748736,1179648,61440
16,c500,64,PASS,9.316871,9316871200000,942926467,4206.98,20635392000,37748736,1179648,61440
16,c500,128,PASS,9.353933,9353932709000,942926467,4400.66,20635392000,37748736,1179648,61440
16,c5000,0,PASS,84.501051,84501051070000,942926467,10066.22,20635392000,37748736,1179648,61440
16,c5000,2,PASS,84.501051,84501051070000,942926467,9705.79,20635392000,37748736,1179648,61440
16,c5000,4,PASS,84.501051,84501051070000,942926467,9798.18,20635392000,37748736,1179648,61440
16,c5000,8,PASS,84.501099,84501099037000,942926467,9885.49,20635392000,37748736,1179648,61440
16,c5000,16,PASS,84.501099,84501099037000,942926467,9910.12,20635392000,37748736,1179648,61440
16,c5000,32,PASS,84.502951,84502951345000,942926467,9874.25,20635392000,37748736,1179648,61440
16,c5000,64,PASS,84.520063,84520063066000,942926467,9997.84,20635392000,37748736,1179648,61440
16,c5000,128,PASS,84.556810,84556809602000,942926467,10213.21,20635392000,37748736,1179648,61440
32,c5,0,PASS,0.776196,776195894000,828383449,3021.58,10027008000,18874368,589824,7680
32,c5,2,PASS,0.776196,776195894000,828383449,2960.11,10027008000,18874368,589824,7680
32,c5,4,PASS,0.776196,776195894000,828383449,2960.77,10027008000,18874368,589824,7680
32,c5,8,PASS,0.776247,776246701000,828383449,2993.77,10027008000,18874368,589824,7680
32,c5,16,PASS,0.906967,906966511000,828383449,3008.55,10027008000,18874368,589824,7680
32,c5,32,PASS,1.156420,1156419822000,828383449,3007.12,10027008000,18874368,589824,7680
32,c5,64,PASS,1.544418,1544417880000,828383449,3025.82,10027008000,18874368,589824,7680
32,c5,128,PASS,2.322241,2322240538000,828383449,3680.27,10027008000,18874368,589824,7680
32,c9,0,PASS,0.776604,776603669000,828383449,2880.45,10027008000,18874368,589824,7680
32,c9,2,PASS,0.776604,776603669000,828383449,2979.31,10027008000,18874368,589824,7680
32,c9,4,PASS,0.776604,776603669000,828383449,2936.02,10027008000,18874368,589824,7680
32,c9,8,PASS,0.776655,776655259000,828383449,2979.16,10027008000,18874368,589824,7680
32,c9,16,PASS,0.907089,907088827000,828383449,3064.59,10027008000,18874368,589824,7680
32,c9,32,PASS,1.156825,1156825466000,828383449,3012.78,10027008000,18874368,589824,7680
32,c9,64,PASS,1.544418,1544417880000,828383449,3287.80,10027008000,18874368,589824,7680
32,c9,128,PASS,2.322241,2322240538000,828383449,3653.92,10027008000,18874368,589824,7680
32,c14,0,PASS,0.777368,777367862000,828383449,2653.23,10027008000,18874368,589824,7680
32,c14,2,PASS,0.777368,777367862000,828383449,2716.27,10027008000,18874368,589824,7680
32,c14,4,PASS,0.777368,777367862000,828383449,2630.00,10027008000,18874368,589824,7680
32,c14,8,PASS,0.777375,777374722000,828383449,2622.97,10027008000,18874368,589824,7680
32,c14,16,PASS,0.908022,908022043000,828383449,2673.54,10027008000,18874368,589824,7680
32,c14,32,PASS,1.157611,1157611234000,828383449,3238.10,10027008000,18874368,589824,7680
32,c14,64,PASS,1.544416,1544415969000,828383449,3223.73,10027008000,18874368,589824,7680
32,c14,128,PASS,2.322241,2322240538000,828383449,3440.51,10027008000,18874368,589824,7680
32,c18,0,PASS,0.777995,777995362000,828383449,2581.76,10027008000,18874368,589824,7680
32,c18,2,PASS,0.777995,777995362000,828383449,2837.55,10027008000,18874368,589824,7680
32,c18,4,PASS,0.777995,777995362000,828383449,2864.17,10027008000,18874368,589824,7680
32,c18,8,PASS,0.777844,777843883000,828383449,2866.90,10027008000,18874368,589824,7680
32,c18,16,PASS,0.908617,908616953000,828383449,2930.19,10027008000,18874368,589824,7680
32,c18,32,PASS,1.157885,1157885220000,828383449,3115.26,10027008000,18874368,589824,7680
32,c18,64,PASS,1.545039,1545039301000,828383449,2998.33,10027008000,18874368,589824,7680
32,c18,128,PASS,2.322241,2322240538000,828383449,3674.45,10027008000,18874368,589824,7680
32,c50,0,PASS,1.055282,1055282493000,828383449,2693.36,10027008000,18874368,589824,7680
32,c50,2,PASS,1.055282,1055282493000,828383449,2783.39,10027008000,18874368,589824,7680
32,c50,4,PASS,1.055282,1055282493000,828383449,2803.91,10027008000,18874368,589824,7680
32,c50,8,PASS,1.055305,1055304528000,828383449,2817.51,10027008000,18874368,589824,7680
32,c50,16,PASS,1.055264,1055264469000,828383449,2971.81,10027008000,18874368,589824,7680
32,c50,32,PASS,1.168080,1168079741000,828383449,3095.43,10027008000,18874368,589824,7680
32,c50,64,PASS,1.554880,1554880188000,828383449,3328.66,10027008000,18874368,589824,7680
32,c50,128,PASS,2.331059,2331058694000,828383449,3708.07,10027008000,18874368,589824,7680
32,c500,0,PASS,4.704630,4704629792000,828383449,3187.19,10027008000,18874368,589824,7680
32,c500,2,PASS,4.704630,4704629792000,828383449,3335.76,10027008000,18874368,589824,7680
32,c500,4,PASS,4.704630,4704629792000,828383449,3350.15,10027008000,18874368,589824,7680
32,c500,8,PASS,4.704820,4704820300000,828383449,3311.18,10027008000,18874368,589824,7680
32,c500,16,PASS,4.704852,4704851978000,828383449,3296.62,10027008000,18874368,589824,7680
32,c500,32,PASS,4.705707,4705706733000,828383449,3577.30,10027008000,18874368,589824,7680
32,c500,64,PASS,4.713701,4713700780000,828383449,3781.59,10027008000,18874368,589824,7680
32,c500,128,PASS,4.731884,4731883880000,828383449,4172.95,10027008000,18874368,589824,7680
32,c5000,0,PASS,41.199957,41199956982000,828383449,7520.26,10027008000,18874368,589824,7680
32,c5000,2,PASS,41.199957,41199956982000,828383449,7834.36,10027008000,18874368,589824,7680
32,c5000,4,PASS,41.199957,41199956982000,828383449,7278.25,10027008000,18874368,589824,7680
32,c5000,8,PASS,41.199879,41199879174000,828383449,7488.78,10027008000,18874368,589824,7680
32,c5000,16,PASS,41.199962,41199962046000,828383449,7536.82,10027008000,18874368,589824,7680
32,c5000,32,PASS,41.201154,41201154365000,828383449,7677.75,10027008000,18874368,589824,7680
32,c5000,64,PASS,41.209016,41209015568000,828383449,10217.15,10027008000,18874368,589824,7680
32,c5000,128,PASS,41.227284,41227283644000,828383449,8259.15,10027008000,18874368,589824,7680
64,c5,0,PASS,0.661727,661726963000,792198498,2997.76,5013504000,9437184,294912,960
64,c5,2,PASS,0.661727,661726963000,792198498,2719.69,5013504000,9437184,294912,960
64,c5,4,PASS,0.661727,661726963000,792198498,2658.86,5013504000,9437184,294912,960
64,c5,8,PASS,0.661727,661727107000,792198498,2675.68,5013504000,9437184,294912,960
64,c5,16,PASS,0.789916,789915780000,792198498,2830.51,5013504000,9437184,294912,960
64,c5,32,PASS,1.040567,1040567091000,792198498,3185.51,5013504000,9437184,294912,960
64,c5,64,PASS,1.422939,1422938745000,792198498,3349.76,5013504000,9437184,294912,960
64,c5,128,PASS,2.188941,2188940516000,792198498,4696.92,5013504000,9437184,294912,960
64,c9,0,PASS,0.661852,661851537000,792198498,2600.69,5013504000,9437184,294912,960
64,c9,2,PASS,0.661852,661851537000,792198498,2638.39,5013504000,9437184,294912,960
64,c9,4,PASS,0.661852,661851537000,792198498,2734.93,5013504000,9437184,294912,960
64,c9,8,PASS,0.661844,661843751000,792198498,2703.14,5013504000,9437184,294912,960
64,c9,16,PASS,0.790029,790028826000,792198498,2703.61,5013504000,9437184,294912,960
64,c9,32,PASS,1.040619,1040618709000,792198498,3201.32,5013504000,9437184,294912,960
64,c9,64,PASS,1.422939,1422938745000,792198498,3336.23,5013504000,9437184,294912,960
64,c9,128,PASS,2.188941,2188940516000,792198498,4702.36,5013504000,9437184,294912,960
64,c14,0,PASS,0.662030,662030258000,792198498,3008.91,5013504000,9437184,294912,960
64,c14,2,PASS,0.662030,662030258000,792198498,2844.33,5013504000,9437184,294912,960
64,c14,4,PASS,0.662030,662030258000,792198498,2927.86,5013504000,9437184,294912,960
64,c14,8,PASS,0.662038,662038102000,792198498,2925.75,5013504000,9437184,294912,960
64,c14,16,PASS,0.790227,790226661000,792198498,3040.98,5013504000,9437184,294912,960
64,c14,32,PASS,1.040811,1040811374000,792198498,2822.48,5013504000,9437184,294912,960
64,c14,64,PASS,1.422981,1422981311000,792198498,3238.11,5013504000,9437184,294912,960
64,c14,128,PASS,2.188941,2188940516000,792198498,4361.31,5013504000,9437184,294912,960
64,c18,0,PASS,0.662153,662153175000,792198498,2751.97,5013504000,9437184,294912,960
64,c18,2,PASS,0.662153,662153175000,792198498,2738.35,5013504000,9437184,294912,960
64,c18,4,PASS,0.662153,662153175000,792198498,2754.73,5013504000,9437184,294912,960
64,c18,8,PASS,0.662160,662159696000,792198498,2730.78,5013504000,9437184,294912,960
64,c18,16,PASS,0.790348,790347621000,792198498,2856.32,5013504000,9437184,294912,960
64,c18,32,PASS,1.040931,1040931262000,792198498,3173.93,5013504000,9437184,294912,960
64,c18,64,PASS,1.423095,1423095476000,792198498,3555.18,5013504000,9437184,294912,960
64,c18,128,PASS,2.188941,2188940516000,792198498,4357.66,5013504000,9437184,294912,960
64,c50,0,PASS,0.735390,735390423000,792198498,2911.54,5013504000,9437184,294912,960
64,c50,2,PASS,0.735390,735390423000,792198498,2621.67,5013504000,9437184,294912,960
64,c50,4,PASS,0.735390,735390423000,792198498,2664.54,5013504000,9437184,294912,960
64,c50,8,PASS,0.735389,735388795000,792198498,2528.62,5013504000,9437184,294912,960
64,c50,16,PASS,0.792805,792805057000,792198498,2756.93,5013504000,9437184,294912,960
64,c50,32,PASS,1.043391,1043391035000,792198498,3024.47,5013504000,9437184,294912,960
64,c50,64,PASS,1.425564,1425564370000,792198498,3431.26,5013504000,9437184,294912,960
64,c50,128,PASS,2.191158,2191158214000,792198498,4392.21,5013504000,9437184,294912,960
64,c500,0,PASS,2.532532,2532531812000,792198498,3345.81,5013504000,9437184,294912,960
64,c500,2,PASS,2.532532,2532531812000,792198498,3195.42,5013504000,9437184,294912,960
64,c500,4,PASS,2.532532,2532531812000,792198498,3182.11,5013504000,9437184,294912,960
64,c500,8,PASS,2.532513,2532513110000,792198498,3182.30,5013504000,9437184,294912,960
64,c500,16,PASS,2.532521,2532520896000,792198498,3250.31,5013504000,9437184,294912,960
64,c500,32,PASS,2.533018,2533018155000,792198498,3564.95,5013504000,9437184,294912,960
64,c500,64,PASS,2.536899,2536899459000,792198498,3957.58,5013504000,9437184,294912,960
64,c500,128,PASS,2.545962,2545962177000,792198498,4692.97,5013504000,9437184,294912,960
64,c5000,0,PASS,20.503700,20503699538000,792198498,6791.59,5013504000,9437184,294912,960
64,c5000,2,PASS,20.503700,20503699538000,792198498,6811.39,5013504000,9437184,294912,960
64,c5000,4,PASS,20.503700,20503699538000,792198498,6844.53,5013504000,9437184,294912,960
64,c5000,8,PASS,20.503703,20503703136000,792198498,6822.88,5013504000,9437184,294912,960
64,c5000,16,PASS,20.503731,20503731154000,792198498,6971.68,5013504000,9437184,294912,960
64,c5000,32,PASS,20.504216,20504215722000,792198498,7076.64,5013504000,9437184,294912,960
64,c5000,64,PASS,20.508102,20508102135000,792198498,7490.53,5013504000,9437184,294912,960
64,c5000,128,PASS,20.517161,20517161165000,792198498,8283.52,5013504000,9437184,294912,960
128,c5,0,PASS,0.606659,606658693000,774750745,2665.54,2506752000,4718592,147456,120
128,c5,2,PASS,0.606659,606658693000,774750745,2513.32,2506752000,4718592,147456,120
128,c5,4,PASS,0.606659,606658693000,774750745,2731.82,2506752000,4718592,147456,120
128,c5,8,PASS,0.606659,606658693000,774750745,2743.67,2506752000,4718592,147456,120
128,c5,16,PASS,0.733658,733657811000,774750745,2811.71,2506752000,4718592,147456,120
128,c5,32,PASS,0.984805,984804957000,774750745,4054.69,2506752000,4718592,147456,120
128,c5,64,PASS,1.364673,1364672762000,774750745,4301.34,2506752000,4718592,147456,120
128,c5,128,PASS,2.125050,2125049706000,774750745,5727.68,2506752000,4718592,147456,120
128,c9,0,PASS,0.606678,606677852000,774750745,2616.09,2506752000,4718592,147456,120
128,c9,2,PASS,0.606678,606677852000,774750745,2762.11,2506752000,4718592,147456,120
128,c9,4,PASS,0.606678,606677852000,774750745,2541.14,2506752000,4718592,147456,120
128,c9,8,PASS,0.606677,606676527000,774750745,2813.63,2506752000,4718592,147456,120
128,c9,16,PASS,0.733700,733699946000,774750745,2894.90,2506752000,4718592,147456,120
128,c9,32,PASS,0.984811,984810770000,774750745,3967.10,2506752000,4718592,147456,120
128,c9,64,PASS,1.364673,1364672762000,774750745,4322.80,2506752000,4718592,147456,120
128,c9,128,PASS,2.125050,2125049706000,774750745,5723.00,2506752000,4718592,147456,120
128,c14,0,PASS,0.606734,606734295000,774750745,2603.52,2506752000,4718592,147456,120
128,c14,2,PASS,0.606734,606734295000,774750745,2836.70,2506752000,4718592,147456,120
128,c14,4,PASS,0.606734,606734295000,774750745,2830.02,2506752000,4718592,147456,120
128,c14,8,PASS,0.606733,606732622000,774750745,2916.34,2506752000,4718592,147456,120
128,c14,16,PASS,0.733735,733734892000,774750745,3007.46,2506752000,4718592,147456,120
128,c14,32,PASS,0.984865,984865289000,774750745,3458.76,2506752000,4718592,147456,120
128,c14,64,PASS,1.364685,1364685463000,774750745,4331.62,2506752000,4718592,147456,120
128,c14,128,PASS,2.125050,2125049706000,774750745,5747.33,2506752000,4718592,147456,120
128,c18,0,PASS,0.606758,606757931000,774750745,2965.19,2506752000,4718592,147456,120
128,c18,2,PASS,0.606758,606757931000,774750745,2953.16,2506752000,4718592,147456,120
128,c18,4,PASS,0.606758,606757931000,774750745,2670.07,2506752000,4718592,147456,120
128,c18,8,PASS,0.606758,606757931000,774750745,2676.37,2506752000,4718592,147456,120
128,c18,16,PASS,0.733774,733773904000,774750745,3210.61,2506752000,4718592,147456,120
128,c18,32,PASS,0.984891,984890602000,774750745,3756.87,2506752000,4718592,147456,120
128,c18,64,PASS,1.364709,1364708679000,774750745,4280.41,2506752000,4718592,147456,120
128,c18,128,PASS,2.125050,2125049706000,774750745,5755.66,2506752000,4718592,147456,120
128,c50,0,PASS,0.607382,607382477000,774750745,2696.54,2506752000,4718592,147456,120
128,c50,2,PASS,0.607382,607382477000,774750745,2683.22,2506752000,4718592,147456,120
128,c50,4,PASS,0.607382,607382477000,774750745,2749.82,2506752000,4718592,147456,120
128,c50,8,PASS,0.607383,607382776000,774750745,2760.21,2506752000,4718592,147456,120
128,c50,16,PASS,0.734384,734384333000,774750745,3027.90,2506752000,4718592,147456,120
128,c50,32,PASS,0.985502,985501797000,774750745,3596.63,2506752000,4718592,147456,120
128,c50,64,PASS,1.365323,1365322585000,774750745,4409.18,2506752000,4718592,147456,120
128,c50,128,PASS,2.125613,2125613492000,774750745,6099.24,2506752000,4718592,147456,120
128,c500,0,PASS,1.471489,1471488845000,774750745,2923.81,2506752000,4718592,147456,120
128,c500,2,PASS,1.471489,1471488845000,774750745,3048.24,2506752000,4718592,147456,120
128,c500,4,PASS,1.471489,1471488845000,774750745,3126.03,2506752000,4718592,147456,120
128,c500,8,PASS,1.471487,1471486701000,774750745,3059.04,2506752000,4718592,147456,120
128,c500,16,PASS,1.471498,1471497816000,774750745,3279.18,2506752000,4718592,147456,120
128,c500,32,PASS,1.471739,1471739446000,774750745,3847.49,2506752000,4718592,147456,120
128,c500,64,PASS,1.473691,1473690694000,774750745,4920.29,2506752000,4718592,147456,120
128,c500,128,PASS,2.132524,2132524113000,774750745,6868.70,2506752000,4718592,147456,120
128,c5000,0,PASS,10.387976,10387976017000,774750745,6114.62,2506752000,4718592,147456,120
128,c5000,2,PASS,10.387976,10387976017000,774750745,6367.36,2506752000,4718592,147456,120
128,c5000,4,PASS,10.387976,10387976017000,774750745,6613.24,2506752000,4718592,147456,120
128,c5000,8,PASS,10.387977,10387977348000,774750745,6304.25,2506752000,4718592,147456,120
128,c5000,16,PASS,10.387977,10387977348000,774750745,6465.97,2506752000,4718592,147456,120
128,c5000,32,PASS,10.388228,10388227728000,774750745,7109.26,2506752000,4718592,147456,120
128,c5000,64,PASS,10.390170,10390169750000,774750745,8150.54,2506752000,4718592,147456,120
128,c5000,128,PASS,10.394684,10394684352000,774750745,9772.10,2506752000,4718592,147456,120
256,c5,0,PASS,1.221811,1221810638000,775784772,11700.08,6684672000,12582912,393216,80
256,c5,2,PASS,1.227049,1227049385000,775784772,11043.42,6684672000,12582912,393216,80
256,c5,4,PASS,1.227049,1227049385000,775784772,11614.76,6684672000,12582912,393216,80
256,c5,8,PASS,1.227049,1227049385000,775784772,11607.22,6684672000,12582912,393216,80
256,c5,16,PASS,1.897854,1897854002000,775784772,14436.98,6684672000,12582912,393216,80
256,c5,32,FAIL,,,,,0,0,0,0
256,c5,64,PASS,5.303024,5303024165000,775784772,28631.72,6684672000,12582912,393216,80
256,c5,128,FAIL,,,,,0,0,0,0
256,c9,0,PASS,1.246212,1246211691000,775784772,11591.69,6684672000,12582912,393216,80
256,c9,2,PASS,1.251450,1251450208000,775784772,9863.95,6684672000,12582912,393216,80
256,c9,4,PASS,1.251450,1251450208000,775784772,10352.44,6684672000,12582912,393216,80
256,c9,8,PASS,1.251450,1251450208000,775784772,10319.95,6684672000,12582912,393216,80
256,c9,16,PASS,1.922545,1922544796000,775784772,12551.95,6684672000,12582912,393216,80
256,c9,32,FAIL,,,,,0,0,0,0
256,c9,64,FAIL,,,,,0,0,0,0
256,c9,128,FAIL,,,,,0,0,0,0
256,c14,0,PASS,1.282814,1282814117000,775784772,9721.14,6684672000,12582912,393216,80
256,c14,2,PASS,1.288060,1288059908000,775784772,9461.88,6684672000,12582912,393216,80
256,c14,4,PASS,1.288060,1288059908000,775784772,9855.63,6684672000,12582912,393216,80
256,c14,8,PASS,1.288061,1288060581000,775784772,10293.03,6684672000,12582912,393216,80
256,c14,16,PASS,1.959151,1959150888000,775784772,12598.52,6684672000,12582912,393216,80
256,c14,32,FAIL,,,,,0,0,0,0
256,c14,64,FAIL,,,,,0,0,0,0
256,c14,128,FAIL,,,,,0,0,0,0
256,c18,0,PASS,1.307219,1307219148000,775784772,10308.72,6684672000,12582912,393216,80
256,c18,2,PASS,1.312458,1312458446000,775784772,10472.45,6684672000,12582912,393216,80
256,c18,4,PASS,1.312458,1312458446000,775784772,10398.63,6684672000,12582912,393216,80
256,c18,8,PASS,1.312458,1312458446000,775784772,10413.50,6684672000,12582912,393216,80
256,c18,16,PASS,1.983550,1983550354000,775784772,13332.47,6684672000,12582912,393216,80
256,c18,32,FAIL,,,,,0,0,0,0
256,c18,64,FAIL,,,,,0,0,0,0
256,c18,128,FAIL,,,,,0,0,0,0
256,c50,0,PASS,1.795274,1795273993000,775784772,14170.95,6684672000,12582912,393216,80
256,c50,2,PASS,1.800514,1800514398000,775784772,11031.98,6684672000,12582912,393216,80
256,c50,4,PASS,1.800514,1800514398000,775784772,11834.49,6684672000,12582912,393216,80
256,c50,8,PASS,1.800514,1800514398000,775784772,11959.59,6684672000,12582912,393216,80
256,c50,16,PASS,2.471607,2471607091000,775784772,14205.18,6684672000,12582912,393216,80
256,c50,32,FAIL,,,,,0,0,0,0
256,c50,64,PASS,5.832888,5832887802000,775784772,28012.68,6684672000,12582912,393216,80
256,c50,128,FAIL,,,,,0,0,0,0
256,c500,0,PASS,9.236278,9236278318000,775784772,13474.85,6684672000,12582912,393216,80
256,c500,2,PASS,9.236278,9236278318000,775784772,12999.65,6684672000,12582912,393216,80
256,c500,4,PASS,9.236278,9236278318000,775784772,13803.15,6684672000,12582912,393216,80
256,c500,8,PASS,9.236278,9236278318000,775784772,13938.01,6684672000,12582912,393216,80
256,c500,16,FAIL,,,,,0,0,0,0
256,c500,32,FAIL,,,,,0,0,0,0
256,c500,64,FAIL,,,,,0,0,0,0
256,c500,128,FAIL,,,,,0,0,0,0
256,c5000,0,PASS,87.735713,87735713394000,775784772,29308.45,6684672000,12582912,393216,80
256,c5000,2,FAIL,,,,,0,0,0,0
256,c5000,4,FAIL,,,,,0,0,0,0
256,c5000,8,FAIL,,,,,0,0,0,0
256,c5000,16,FAIL,,,,,0,0,0,0
256,c5000,32,FAIL,,,,,0,0,0,0
256,c5000,64,FAIL,,,,,0,0,0,0
256,c5000,128,FAIL,,,,,0,0,0,0
