benchmark,size,compute,mem_latency_ns,simSeconds,simInsts,system.cpu.numCycles,system.cpu.quiesceCycles,system.cpu.cpi,system.cpu.dcache.demandMisses::total,system.cpu.dcache.demandAvgMissLatency::total,system.cpu.icache.demandMisses::total,system.cpu.icache.demandAvgMissLatency::total,system.gemm_clstr.matrix1.numReads::total,system.gemm_clstr.matrix2.numReads::total,system.gemm_clstr.matrix3.numWrites::total,cpu_cpi_mem,cpu_cpi_exec_calibrated,I_PIM,pim_cpi_exec,pim_m_PIM,pim_amat_slope_per_ns,pim_m_knee_ns,pim_AMAT_cycles,T_CPU_active_predicted,T_PIM_predicted,computed_simSeconds,simulated_simSeconds,rel_error_pct
llama2_8_c5_m0,8,5,0,1.828329,1077251917.0,3059158532.0,597500182.0,2.83978,1377281.0,21399.07724,650.0,73967.692308,25165824.0,25165824.0,3145728.0,27.40363793679342,-24.56385793679342,53477376.0,5.42530379751385,1.0,0.2591807472569691,4.0,0.0,1.5295792244291306,0.290131011093876,1.8197102355230066,1.828329,-0.4714011798201254
llama2_8_c5_m2,8,5,2,1.828329,1077251917.0,3059158532.0,597500182.0,2.83978,1377281.0,21399.07724,650.0,73967.692308,25165824.0,25165824.0,3145728.0,27.40363793679342,-24.56385793679342,53477376.0,5.42530379751385,1.0,0.2591807472569691,4.0,0.0,1.5295792244291306,0.290131011093876,1.8197102355230066,1.828329,-0.4714011798201254
llama2_8_c5_m4,8,5,4,1.828329,1077251917.0,3059158532.0,597500182.0,2.83978,1377281.0,21399.07724,650.0,73967.692308,25165824.0,25165824.0,3145728.0,27.40363793679342,-24.56385793679342,53477376.0,5.42530379751385,1.0,0.2591807472569691,4.0,0.0,1.5295792244291306,0.290131011093876,1.8197102355230066,1.828329,-0.4714011798201254
llama2_8_c5_m8,8,5,8,1.835264,1077251917.0,3059730314.0,610797646.0,2.840311,1377280.0,21407.201876,650.0,75052.307692,25165824.0,25165824.0,3145728.0,27.414659963679675,-24.56385793679342,53477376.0,5.42530379751385,1.0,0.2591807472569691,4.0,1.0367229890278764,1.5355159742253528,0.34557223618596367,1.8810882104113165,1.835264,2.4968729518650425
llama2_8_c5_m16,8,5,16,1.977215,1077251917.0,3056074574.0,898354572.0,2.836917,1377277.0,21471.402267,650.0,73788.461538,25165824.0,25165824.0,3145728.0,27.49591858009816,-24.56385793679342,53477376.0,5.42530379751385,1.0,0.2591807472569691,4.0,3.110168967083629,1.5792839743801428,0.4564546863701389,2.035738660750282,1.977215,2.9599037408820954
llama2_8_c5_m32,8,5,32,2.227796,1077251917.0,3060253188.0,1395338624.0,2.840796,1377276.0,21413.606641,650.0,73173.846154,25165824.0,25165824.0,3145728.0,27.42163558395414,-24.56385793679342,53477376.0,5.42530379751385,1.0,0.2591807472569691,4.0,7.257060923195135,1.5392732243818177,0.6782195867384895,2.217492811120307,2.227796,-0.46248349847531683
llama2_8_c5_m64,8,5,64,2.659794,1077251917.0,3058514732.0,2261073996.0,2.839182,1377275.0,21409.30279,650.0,75235.384615,25165824.0,25165824.0,3145728.0,27.417357104686406,-24.56385793679342,53477376.0,5.42530379751385,1.0,0.2591807472569691,4.0,15.550844835418147,1.5369687243853132,1.1217493874751903,2.6587181118605034,2.659794,-0.04045005513572751
llama2_8_c5_m128,8,5,128,3.531697,1077251917.0,3059063734.0,4004330454.0,2.839692,1377279.0,21425.767401,650.0,74627.692308,25165824.0,25165824.0,3145728.0,27.438120121982646,-24.56385793679342,53477376.0,5.42530379751385,1.0,0.2591807472569691,4.0,32.138412659864166,1.5481522244778523,2.008808988948592,3.5569612134264443,3.531697,0.7153561991995483
llama2_8_c9_m0,8,9,0,1.869484,1077251917.0,3059112764.0,679855754.0,2.839738,1377280.0,21389.654246,650.0,75756.923077,25165824.0,25165824.0,3145728.0,27.392650255948375,-24.56385793679342,53477376.0,6.4749244449238095,1.0,0.25919756001995914,8.0,0.0,1.5236609743022764,0.34626196911278184,1.8699229434150584,1.869484,0.023479388700756842
llama2_8_c9_m2,8,9,2,1.869484,1077251917.0,3059112764.0,679855754.0,2.839738,1377280.0,21389.654246,650.0,75756.923077,25165824.0,25165824.0,3145728.0,27.392650255948375,-24.56385793679342,53477376.0,6.4749244449238095,1.0,0.25919756001995914,8.0,0.0,1.5236609743022764,0.34626196911278184,1.8699229434150584,1.869484,0.023479388700756842
llama2_8_c9_m4,8,9,4,1.869484,1077251917.0,3059112764.0,679855754.0,2.839738,1377280.0,21389.654246,650.0,75756.923077,25165824.0,25165824.0,3145728.0,27.392650255948375,-24.56385793679342,53477376.0,6.4749244449238095,1.0,0.25919756001995914,8.0,0.0,1.5236609743022764,0.34626196911278184,1.8699229434150584,1.869484,0.023479388700756842
llama2_8_c9_m8,8,9,8,1.87662,1077251917.0,3059547124.0,693693640.0,2.840141,1377278.0,21396.695511,650.0,74720.0,25165824.0,25165824.0,3145728.0,27.400987210310124,-24.56385793679342,53477376.0,6.4749244449238095,1.0,0.25919756001995914,8.0,0.0,1.528151474336344,0.34626196911278184,1.874413443449126,1.87662,-0.11758142569481214
llama2_8_c9_m16,8,9,16,1.985003,1077251917.0,3057557828.0,912448966.0,2.838294,1377286.0,21466.008875,650.0,72983.076923,25165824.0,25165824.0,3145728.0,27.488716457223255,-24.56385793679342,53477376.0,6.4749244449238095,1.0,0.25919756001995914,8.0,2.073580480159673,1.5754047240434126,0.4571516121165413,2.0325563361599537,1.985003,2.3956304428735677
llama2_8_c9_m32,8,9,32,2.227796,1077251917.0,3060253188.0,1395338624.0,2.840796,1377276.0,21413.606641,650.0,73173.846154,25165824.0,25165824.0,3145728.0,27.42163558395414,-24.56385793679342,53477376.0,6.4749244449238095,1.0,0.25919756001995914,8.0,6.220741440479019,1.5392732243818177,0.6789308981240599,2.2182041225058775,2.227796,-0.430554570262385
llama2_8_c9_m64,8,9,64,2.659794,1077251917.0,3058514732.0,2261073996.0,2.839182,1377275.0,21409.30279,650.0,75235.384615,25165824.0,25165824.0,3145728.0,27.417357104686406,-24.56385793679342,53477376.0,6.4749244449238095,1.0,0.25919756001995914,8.0,14.515063361117711,1.5369687243853132,1.1224894701390975,2.6594581945244107,2.659794,-0.01262524374404689
llama2_8_c9_m128,8,9,128,3.531697,1077251917.0,3059063734.0,4004330454.0,2.839692,1377279.0,21425.767401,650.0,74627.692308,25165824.0,25165824.0,3145728.0,27.438120121982646,-24.56385793679342,53477376.0,6.4749244449238095,1.0,0.25919756001995914,8.0,31.103707202395096,1.5481522244778523,2.0096066141691726,3.557758838647025,3.531697,0.7379409571949419
llama2_8_c14_m0,8,14,0,1.971072,1077251917.0,3057956212.0,884186880.0,2.838664,1377283.0,21469.261582,650.0,74990.0,25165824.0,25165824.0,3145728.0,27.494026264463546,-24.56385793679342,53477376.0,8.198414754027576,1.0,0.25153563914339516,12.0,0.0,1.5782647240576648,0.4384297084050802,2.016694432462745,1.971072,2.314599997501106
llama2_8_c14_m2,8,14,2,1.971072,1077251917.0,3057956212.0,884186880.0,2.838664,1377283.0,21469.261582,650.0,74990.0,25165824.0,25165824.0,3145728.0,27.494026264463546,-24.56385793679342,53477376.0,8.198414754027576,1.0,0.25153563914339516,12.0,0.0,1.5782647240576648,0.4384297084050802,2.016694432462745,1.971072,2.314599997501106
llama2_8_c14_m4,8,14,4,1.971072,1077251917.0,3057956212.0,884186880.0,2.838664,1377283.0,21469.261582,650.0,74990.0,25165824.0,25165824.0,3145728.0,27.494026264463546,-24.56385793679342,53477376.0,8.198414754027576,1.0,0.25153563914339516,12.0,0.0,1.5782647240576648,0.4384297084050802,2.016694432462745,1.971072,2.314599997501106
llama2_8_c14_m8,8,14,8,1.977215,1077251917.0,3056073734.0,898355412.0,2.836916,1377277.0,21471.694873,650.0,73788.461538,25165824.0,25165824.0,3145728.0,27.496292679700584,-24.56385793679342,53477376.0,8.198414754027576,1.0,0.25153563914339516,12.0,0.0,1.5794854741370734,0.4384297084050802,2.0179151825421537,1.977215,2.058460134186409
llama2_8_c14_m16,8,14,16,1.999978,1077251917.0,3058923256.0,941033022.0,2.839562,1377277.0,21437.640722,650.0,74135.384615,25165824.0,25165824.0,3145728.0,27.452963447057616,-24.56385793679342,53477376.0,8.198414754027576,1.0,0.25153563914339516,12.0,1.0061425565735806,1.5561472246736852,0.49223557221256686,2.0483827968862522,1.999978,2.42026646724375
llama2_8_c14_m32,8,14,32,2.241207,1077251917.0,3059528904.0,1422884736.0,2.840124,1377279.0,21408.610746,650.0,74976.923077,25165824.0,25165824.0,3145728.0,27.416395862064807,-24.56385793679342,53477376.0,8.198414754027576,1.0,0.25153563914339516,12.0,5.030712782867903,1.5364509741569028,0.7074590274425135,2.2439100015994162,2.241207,0.12060472769432073
llama2_8_c14_m64,8,14,64,2.659794,1077251917.0,3058514732.0,2261073996.0,2.839182,1377275.0,21409.30279,650.0,75235.384615,25165824.0,25165824.0,3145728.0,27.417357104686406,-24.56385793679342,53477376.0,8.198414754027576,1.0,0.25153563914339516,12.0,13.079853235456548,1.5369687243853132,1.1379059379024066,2.6748746622877198,2.659794,0.566986100717557
llama2_8_c14_m128,8,14,128,3.531697,1077251917.0,3059063734.0,4004330454.0,2.839692,1377279.0,21425.767401,650.0,74627.692308,25165824.0,25165824.0,3145728.0,27.438120121982646,-24.56385793679342,53477376.0,8.198414754027576,1.0,0.25153563914339516,12.0,29.178134140633837,1.5481522244778523,1.9987997588221929,3.546951983300045,3.531697,0.4319448497434816
llama2_8_c18_m0,8,18,0,2.041797,1077251917.0,3059298640.0,1024294372.0,2.83991,1377277.0,21408.201836,650.0,74000.0,25165824.0,25165824.0,3145728.0,27.41524385709733,-24.56385793679342,53477376.0,9.614211654631122,1.0,0.24784232218780577,16.0,0.0,1.5358304743770992,0.5141428115982907,2.0499732859753896,2.041797,0.40044558667633334
llama2_8_c18_m2,8,18,2,2.041797,1077251917.0,3059298640.0,1024294372.0,2.83991,1377277.0,21408.201836,650.0,74000.0,25165824.0,25165824.0,3145728.0,27.41524385709733,-24.56385793679342,53477376.0,9.614211654631122,1.0,0.24784232218780577,16.0,0.0,1.5358304743770992,0.5141428115982907,2.0499732859753896,2.041797,0.40044558667633334
llama2_8_c18_m4,8,18,4,2.041797,1077251917.0,3059298640.0,1024294372.0,2.83991,1377277.0,21408.201836,650.0,74000.0,25165824.0,25165824.0,3145728.0,27.41524385709733,-24.56385793679342,53477376.0,9.614211654631122,1.0,0.24784232218780577,16.0,0.0,1.5358304743770992,0.5141428115982907,2.0499732859753896,2.041797,0.40044558667633334
llama2_8_c18_m8,8,18,8,2.048163,1077251917.0,3059008750.0,1037316348.0,2.839641,1377274.0,21406.567974,650.0,74303.076923,25165824.0,25165824.0,3145728.0,27.41327820707218,-24.56385793679342,53477376.0,9.614211654631122,1.0,0.24784232218780577,16.0,0.0,1.534771724248228,0.5141428115982907,2.0489145358465186,2.048163,0.03669316585244613
llama2_8_c18_m16,8,18,16,2.055526,1077251917.0,3059771016.0,1051280234.0,2.840349,1377275.0,21441.371912,650.0,73547.692308,25165824.0,25165824.0,3145728.0,27.457339396036552,-24.56385793679342,53477376.0,9.614211654631122,1.0,0.24784232218780577,16.0,0.0,1.5585042243868117,0.5141428115982907,2.0726470359851024,2.055526,0.832927240283139
llama2_8_c18_m32,8,18,32,2.248006,1077251917.0,3059359800.0,1436651778.0,2.839967,1377284.0,21399.527258,650.0,75212.307692,25165824.0,25165824.0,3145728.0,27.405023870574436,-24.56385793679342,53477376.0,9.614211654631122,1.0,0.24784232218780577,16.0,3.9654771550048924,1.5303257243403479,0.7262061244358976,2.2565318487762456,2.248006,0.37926272333105
llama2_8_c18_m64,8,18,64,2.674437,1077251917.0,3059657152.0,2289215938.0,2.840243,1377279.0,21407.176033,650.0,75480.0,25165824.0,25165824.0,3145728.0,27.414865115115138,-24.56385793679342,53477376.0,9.614211654631122,1.0,0.24784232218780577,16.0,11.896431465014677,1.5356264741139165,1.1503327501111116,2.6859592242250283,2.674437,0.4308280294143452
llama2_8_c18_m128,8,18,128,3.531697,1077251917.0,3059063734.0,4004330454.0,2.839692,1377279.0,21425.767401,650.0,74627.692308,25165824.0,25165824.0,3145728.0,27.438120121982646,-24.56385793679342,53477376.0,9.614211654631122,1.0,0.24784232218780577,16.0,27.75834008503425,1.5481522244778523,1.998586001461539,3.546738225939391,3.531697,0.4258923101101617
llama2_8_c50_m0,8,50,0,3.45939,1077251917.0,3059414886.0,3859364392.0,2.840018,1377286.0,21409.518067,650.0,73958.461538,25165824.0,25165824.0,3145728.0,27.4170804751753,-24.56385793679342,53477376.0,36.176537892723864,1.0,0.04963001781438398,48.0,0.0,1.5368197245497441,1.9346263192674418,3.4714460438171857,3.45939,0.34850201385752183
llama2_8_c50_m2,8,50,2,3.45939,1077251917.0,3059414886.0,3859364392.0,2.840018,1377286.0,21409.518067,650.0,73958.461538,25165824.0,25165824.0,3145728.0,27.4170804751753,-24.56385793679342,53477376.0,36.176537892723864,1.0,0.04963001781438398,48.0,0.0,1.5368197245497441,1.9346263192674418,3.4714460438171857,3.45939,0.34850201385752183
llama2_8_c50_m4,8,50,4,3.45939,1077251917.0,3059414886.0,3859364392.0,2.840018,1377286.0,21409.518067,650.0,73958.461538,25165824.0,25165824.0,3145728.0,27.4170804751753,-24.56385793679342,53477376.0,36.176537892723864,1.0,0.04963001781438398,48.0,0.0,1.5368197245497441,1.9346263192674418,3.4714460438171857,3.45939,0.34850201385752183
llama2_8_c50_m8,8,50,8,3.466646,1077251917.0,3059529000.0,3873763386.0,2.840124,1377280.0,21380.097729,650.0,75293.846154,25165824.0,25165824.0,3145728.0,27.380152715195603,-24.56385793679342,53477376.0,36.176537892723864,1.0,0.04963001781438398,48.0,0.0,1.5169294744354218,1.9346263192674418,3.4515557937028634,3.466646,-0.43529700745725214
llama2_8_c50_m16,8,50,16,3.466646,1077251917.0,3059529000.0,3873763386.0,2.840124,1377280.0,21380.097729,650.0,75293.846154,25165824.0,25165824.0,3145728.0,27.380152715195603,-24.56385793679342,53477376.0,36.176537892723864,1.0,0.04963001781438398,48.0,0.0,1.5169294744354218,1.9346263192674418,3.4515557937028634,3.466646,-0.43529700745725214
llama2_8_c50_m32,8,50,32,3.475001,1077251917.0,3059489332.0,3890511882.0,2.840087,1377280.0,21378.720013,650.0,73458.461538,25165824.0,25165824.0,3145728.0,27.377283840567383,-24.56385793679342,53477376.0,36.176537892723864,1.0,0.04963001781438398,48.0,0.0,1.5153842240889805,1.9346263192674418,3.4500105433564223,3.475001,-0.7191496245203228
llama2_8_c50_m64,8,50,64,3.50501,1077251917.0,3056605864.0,3953413300.0,2.83741,1377279.0,21483.402419,650.0,73211.538462,25165824.0,25165824.0,3145728.0,27.510952668128972,-24.56385793679342,53477376.0,36.176537892723864,1.0,0.04963001781438398,48.0,0.7940802850301437,1.5873817244559127,1.977091649244186,3.564473373700099,3.50501,1.696525079817145
llama2_8_c50_m128,8,50,128,3.676763,1077251917.0,3059465278.0,4294059938.0,2.840065,1377289.0,21415.602317,650.0,74356.923077,25165824.0,25165824.0,3145728.0,27.425159364630456,-24.56385793679342,53477376.0,36.176537892723864,1.0,0.04963001781438398,48.0,3.9704014251507185,1.5411712241261433,2.1469529691511626,3.688124193277306,3.676763,0.30899988052822863
llama2_8_c500_m0,8,500,0,19.389372,1077251917.0,3059652836.0,35719090454.0,2.840239,1377280.0,21396.839786,650.0,74640.0,25165824.0,25165824.0,3145728.0,27.401163121311097,-24.56385793679342,53477376.0,334.00896465074163,1.0,0.021969260156008242,28.0,0.0,1.5282462245678539,17.861922989998423,19.390169214566278,19.389372,0.004111605916252669
llama2_8_c500_m2,8,500,2,19.389372,1077251917.0,3059652836.0,35719090454.0,2.840239,1377280.0,21396.839786,650.0,74640.0,25165824.0,25165824.0,3145728.0,27.401163121311097,-24.56385793679342,53477376.0,334.00896465074163,1.0,0.021969260156008242,28.0,0.0,1.5282462245678539,17.861922989998423,19.390169214566278,19.389372,0.004111605916252669
llama2_8_c500_m4,8,500,4,19.389372,1077251917.0,3059652836.0,35719090454.0,2.840239,1377280.0,21396.839786,650.0,74640.0,25165824.0,25165824.0,3145728.0,27.401163121311097,-24.56385793679342,53477376.0,334.00896465074163,1.0,0.021969260156008242,28.0,0.0,1.5282462245678539,17.861922989998423,19.390169214566278,19.389372,0.004111605916252669
llama2_8_c500_m8,8,500,8,19.396663,1077251917.0,3060168056.0,35733157960.0,2.840717,1377278.0,21390.225866,650.0,73067.692308,25165824.0,25165824.0,3145728.0,27.39171871928351,-24.56385793679342,53477376.0,334.00896465074163,1.0,0.021969260156008242,28.0,0.0,1.5231592244732857,17.861922989998423,19.38508221447171,19.396663,-0.059705040646897196
llama2_8_c500_m16,8,500,16,19.396663,1077251917.0,3060168056.0,35733157960.0,2.840717,1377278.0,21390.225866,650.0,73067.692308,25165824.0,25165824.0,3145728.0,27.39171871928351,-24.56385793679342,53477376.0,334.00896465074163,1.0,0.021969260156008242,28.0,0.0,1.5231592244732857,17.861922989998423,19.38508221447171,19.396663,-0.059705040646897196
llama2_8_c500_m32,8,500,32,19.396963,1077251917.0,3060240000.0,35733686606.0,2.840784,1377288.0,21403.097609,650.0,75150.769231,25165824.0,25165824.0,3145728.0,27.409630963510775,-24.56385793679342,53477376.0,334.00896465074163,1.0,0.021969260156008242,28.0,0.08787704062403297,1.5328072241890824,17.86662242354164,19.39942964773072,19.396963,0.012716669773101565
llama2_8_c500_m64,8,500,64,19.429789,1077251917.0,3058613188.0,35800964736.0,2.839274,1377293.0,21420.333219,650.0,74743.076923,25165824.0,25165824.0,3145728.0,27.431520458548526,-24.56385793679342,53477376.0,334.00896465074163,1.0,0.021969260156008242,28.0,0.7908933656162968,1.544597474434872,17.904217891887388,19.44881536632226,19.429789,0.0979236898674588
llama2_8_c500_m128,8,500,128,19.510472,1077251917.0,3059453666.0,35961489564.0,2.840054,1377280.0,21413.627948,650.0,75373.076923,25165824.0,25165824.0,3145728.0,27.423069324852634,-24.56385793679342,53477376.0,334.00896465074163,1.0,0.021969260156008242,28.0,2.196926015600824,1.5400454744475103,17.979408828578887,19.519454303026397,19.510472,0.04603836865861813
llama2_8_c5000_m0,8,5000,0,178.636272,1077251917.0,3059770946.0,354212773956.0,2.840349,1377284.0,21396.728997,650.0,73509.230769,25165824.0,25165824.0,3145728.0,27.400418633837525,-24.56385793679342,53477376.0,3311.868212957613,1.0,0.02227586190907555,24.0,0.0,1.52784522428881,177.11002168678235,178.63786691107114,178.636272,0.0008928259940129785
llama2_8_c5000_m2,8,5000,2,178.636272,1077251917.0,3059770946.0,354212773956.0,2.840349,1377284.0,21396.728997,650.0,73509.230769,25165824.0,25165824.0,3145728.0,27.400418633837525,-24.56385793679342,53477376.0,3311.868212957613,1.0,0.02227586190907555,24.0,0.0,1.52784522428881,177.11002168678235,178.63786691107114,178.636272,0.0008928259940129785
llama2_8_c5000_m4,8,5000,4,178.636272,1077251917.0,3059770946.0,354212773956.0,2.840349,1377284.0,21396.728997,650.0,73509.230769,25165824.0,25165824.0,3145728.0,27.400418633837525,-24.56385793679342,53477376.0,3311.868212957613,1.0,0.02227586190907555,24.0,0.0,1.52784522428881,177.11002168678235,178.63786691107114,178.636272,0.0008928259940129785
llama2_8_c5000_m8,8,5000,8,178.642733,1077251917.0,3059936442.0,354225529056.0,2.840502,1377278.0,21419.209121,650.0,74225.384615,25165824.0,25165824.0,3145728.0,27.429472654864984,-24.56385793679342,53477376.0,3311.868212957613,1.0,0.02227586190907555,24.0,0.0,1.5434944742130043,177.11002168678235,178.65351616099534,178.642733,0.006036159889775669
llama2_8_c5000_m16,8,5000,16,178.649915,1077251917.0,3060262072.0,354239567420.0,2.840804,1377283.0,21404.891732,650.0,74020.0,25165824.0,25165824.0,3145728.0,27.411143144268046,-24.56385793679342,53477376.0,3311.868212957613,1.0,0.02227586190907555,24.0,0.0,1.5336217239988923,177.11002168678235,178.64364341078124,178.649915,-0.0035105469928465847
llama2_8_c5000_m32,8,5000,32,178.650179,1077251917.0,3060262276.0,354240096652.0,2.840805,1377293.0,21410.986624,650.0,73749.230769,25165824.0,25165824.0,3145728.0,27.41897093354505,-24.56385793679342,53477376.0,3311.868212957613,1.0,0.02227586190907555,24.0,0.1782068952726044,1.5378379745011554,177.11955172392663,178.65738969842778,178.650179,0.004036211140750974
llama2_8_c5000_m64,8,5000,64,178.683985,1077251917.0,3059317958.0,354308651540.0,2.839928,1377283.0,21405.41559,650.0,74704.615385,25165824.0,25165824.0,3145728.0,27.412225992856804,-24.56385793679342,53477376.0,3311.868212957613,1.0,0.02227586190907555,24.0,0.8910344763630219,1.534204974357923,177.15767187250378,178.6918768468617,178.683985,0.0044166503571633434
llama2_8_c5000_m128,8,5000,128,178.765344,1077251917.0,3060366450.0,354470321864.0,2.840901,1377284.0,21465.622922,650.0,74329.230769,25165824.0,25165824.0,3145728.0,27.48899540877187,-24.56385793679342,53477376.0,3311.868212957613,1.0,0.02227586190907555,24.0,2.316689638543857,1.5755549745886608,177.23391216965805,178.80946714424672,178.765344,0.024682157771433365
llama2_16_c5_m0,16,5,0,1.071503,942926467.0,1790180356.0,352825536.0,1.898537,1173540.0,22884.254052,569.0,77622.144112,25165824.0,25165824.0,1572864.0,28.527945117255694,-26.629408117255693,51904512.0,3.2453657898961237,1.0,0.24975069003192024,4.0,0.0,0.89509039293939,0.16844912758605285,1.0635395205254428,1.071503,-0.7432064562168592
llama2_16_c5_m2,16,5,2,1.071503,942926467.0,1790180356.0,352825536.0,1.898537,1173540.0,22884.254052,569.0,77622.144112,25165824.0,25165824.0,1572864.0,28.527945117255694,-26.629408117255693,51904512.0,3.2453657898961237,1.0,0.24975069003192024,4.0,0.0,0.89509039293939,0.16844912758605285,1.0635395205254428,1.071503,-0.7432064562168592
llama2_16_c5_m4,16,5,4,1.071503,942926467.0,1790180356.0,352825536.0,1.898537,1173540.0,22884.254052,569.0,77622.144112,25165824.0,25165824.0,1572864.0,28.527945117255694,-26.629408117255693,51904512.0,3.2453657898961237,1.0,0.24975069003192024,4.0,0.0,0.89509039293939,0.16844912758605285,1.0635395205254428,1.071503,-0.7432064562168592
llama2_16_c5_m8,16,5,8,1.071554,942926467.0,1790190125.0,352917659.0,1.898547,1173543.0,22879.683574,569.0,78063.268893,25165824.0,25165824.0,1572864.0,28.522595813913874,-26.629408117255693,51904512.0,3.2453657898961237,1.0,0.24975069003192024,4.0,0.999002760127681,0.8925683930888832,0.2203018783371332,1.1128702714260164,1.071554,3.8557339551731844
llama2_16_c5_m16,16,5,16,1.206615,942926467.0,1790123964.0,623105050.0,1.898477,1173537.0,22881.643272,569.0,77304.042179,25165824.0,25165824.0,1572864.0,28.524431057775065,-26.629408117255693,51904512.0,3.2453657898961237,1.0,0.24975069003192024,4.0,2.997008280383043,0.8934336430939411,0.3240073798392939,1.217441022933235,1.206615,0.8972226379777386
llama2_16_c5_m32,16,5,32,1.455262,942926467.0,1790076355.0,1120448041.0,1.898426,1173540.0,22868.663616,569.0,77198.594025,25165824.0,25165824.0,1572864.0,28.50828610787194,-26.629408117255693,51904512.0,3.2453657898961237,1.0,0.24975069003192024,4.0,6.993019320893767,0.8858218928079181,0.5314183828436152,1.4172402756515332,1.455262,-2.6127064644350533
llama2_16_c5_m64,16,5,64,1.855944,942926467.0,1790398286.0,1921489970.0,1.898768,1173538.0,22880.028597,569.0,77191.564148,25165824.0,25165824.0,1572864.0,28.52237787452667,-26.629408117255693,51904512.0,3.2453657898961237,1.0,0.24975069003192024,4.0,14.985041401915215,0.8924656426806844,0.9462403888522579,1.8387060315329422,1.855944,-0.9287978768248304
llama2_16_c5_m128,16,5,128,2.66011,942926467.0,1790258035.0,3529962299.0,1.898619,1173541.0,22881.649214,569.0,76743.40949,25165824.0,25165824.0,1572864.0,28.524197211071165,-26.629408117255693,51904512.0,3.2453657898961237,1.0,0.24975069003192024,4.0,30.96908556395811,0.8933233929707775,1.7758844008695436,2.669207793840321,2.66011,0.3420081816286231
llama2_16_c9_m0,16,9,0,1.073161,942926467.0,1790071136.0,356250222.0,1.898421,1173539.0,22878.276308,569.0,77082.601054,25165824.0,25165824.0,1572864.0,28.52015553850578,-26.629408117255693,51904512.0,3.2796962051431926,1.0,0.24941780360652366,4.0,0.0,0.8914178929543525,0.17023103103620932,1.0616489239905618,1.073161,-1.0727259012802612
llama2_16_c9_m2,16,9,2,1.073161,942926467.0,1790071136.0,356250222.0,1.898421,1173539.0,22878.276308,569.0,77082.601054,25165824.0,25165824.0,1572864.0,28.52015553850578,-26.629408117255693,51904512.0,3.2796962051431926,1.0,0.24941780360652366,4.0,0.0,0.8914178929543525,0.17023103103620932,1.0616489239905618,1.073161,-1.0727259012802612
llama2_16_c9_m4,16,9,4,1.073161,942926467.0,1790071136.0,356250222.0,1.898421,1173539.0,22878.276308,569.0,77082.601054,25165824.0,25165824.0,1572864.0,28.52015553850578,-26.629408117255693,51904512.0,3.2796962051431926,1.0,0.24941780360652366,4.0,0.0,0.8914178929543525,0.17023103103620932,1.0616489239905618,1.073161,-1.0727259012802612
llama2_16_c9_m8,16,9,8,1.073244,942926467.0,1790096511.0,356392179.0,1.898448,1173536.0,22877.852916,569.0,77687.170475,25165824.0,25165824.0,1572864.0,28.51992063091729,-26.629408117255693,51904512.0,3.2796962051431926,1.0,0.24941780360652366,4.0,0.9976712144260946,0.89130714266311,0.22201466855744315,1.1133218112205532,1.073244,3.7342683695928502
llama2_16_c9_m16,16,9,16,1.209269,942926467.0,1790280527.0,628257613.0,1.898643,1173537.0,22879.395792,569.0,77226.713533,25165824.0,25165824.0,1572864.0,28.52158725072311,-26.629408117255693,51904512.0,3.2796962051431926,1.0,0.24941780360652366,4.0,2.993013643278284,0.8920928926257757,0.3255819435999107,1.2176748362256864,1.209269,0.6951171514101884
llama2_16_c9_m32,16,9,32,1.456137,942926467.0,1790095775.0,1122178447.0,1.898447,1173542.0,22876.373406,569.0,77179.261863,25165824.0,25165824.0,1572864.0,28.51791835388591,-26.629408117255693,51904512.0,3.2796962051431926,1.0,0.24941780360652366,4.0,6.983698500982662,0.8903631426595328,0.5327164936848459,1.4230796363443785,1.456137,-2.270209716230101
llama2_16_c9_m64,16,9,64,1.855944,942926467.0,1790398286.0,1921489970.0,1.898768,1173538.0,22880.028597,569.0,77191.564148,25165824.0,25165824.0,1572864.0,28.52237787452667,-26.629408117255693,51904512.0,3.2796962051431926,1.0,0.24941780360652366,4.0,14.965068216391419,0.8924656426806844,0.9469855938547164,1.8394512365354008,1.855944,-0.8886455337337371
llama2_16_c9_m128,16,9,128,2.66011,942926467.0,1790258035.0,3529962299.0,1.898619,1173541.0,22881.649214,569.0,76743.40949,25165824.0,25165824.0,1572864.0,28.524197211071165,-26.629408117255693,51904512.0,3.2796962051431926,1.0,0.24941780360652366,4.0,30.927807647208933,0.8933233929707775,1.7755237941944573,2.668847187165235,2.66011,0.32845210029791483
llama2_16_c14_m0,16,14,0,1.076731,942926467.0,1790238357.0,363223327.0,1.898598,1173536.0,22874.0878,569.0,76625.659051,25165824.0,25165824.0,1572864.0,28.514594129491986,-26.629408117255693,51904512.0,3.345114329927215,1.0,0.24880478699979802,4.0,0.0,0.8887958930778933,0.17362652687907912,1.0624224199569725,1.076731,-1.3288908783185025
llama2_16_c14_m2,16,14,2,1.076731,942926467.0,1790238357.0,363223327.0,1.898598,1173536.0,22874.0878,569.0,76625.659051,25165824.0,25165824.0,1572864.0,28.514594129491986,-26.629408117255693,51904512.0,3.345114329927215,1.0,0.24880478699979802,4.0,0.0,0.8887958930778933,0.17362652687907912,1.0624224199569725,1.076731,-1.3288908783185025
llama2_16_c14_m4,16,14,4,1.076731,942926467.0,1790238357.0,363223327.0,1.898598,1173536.0,22874.0878,569.0,76625.659051,25165824.0,25165824.0,1572864.0,28.514594129491986,-26.629408117255693,51904512.0,3.345114329927215,1.0,0.24880478699979802,4.0,0.0,0.8887958930778933,0.17362652687907912,1.0624224199569725,1.076731,-1.3288908783185025
llama2_16_c14_m8,16,14,8,1.076811,942926467.0,1790248272.0,363374536.0,1.898609,1173540.0,22873.196482,569.0,79528.119508,25165824.0,25165824.0,1572864.0,28.515333316533507,-26.629408117255693,51904512.0,3.345114329927215,1.0,0.24880478699979802,4.0,0.9952191479991921,0.8891443925906501,0.22528289108903296,1.1144272836796831,1.076811,3.4933041805556564
llama2_16_c14_m16,16,14,16,1.211784,942926467.0,1790253905.0,633314139.0,1.898615,1173537.0,22876.149197,569.0,78504.393673,25165824.0,25165824.0,1572864.0,28.51831764332024,-26.629408117255693,51904512.0,3.345114329927215,1.0,0.24880478699979802,4.0,2.9856574439975763,0.8905513929473444,0.3285956195089407,1.219147012456285,1.211784,0.6076175668506205
llama2_16_c14_m32,16,14,32,1.459626,942926467.0,1790212371.0,1129039025.0,1.89857,1173534.0,22875.784596,569.0,78822.495606,25165824.0,25165824.0,1572864.0,28.517983046584774,-26.629408117255693,51904512.0,3.345114329927215,1.0,0.24880478699979802,4.0,6.966534035994345,0.8903936428885229,0.535221076348756,1.425614719237279,1.459626,-2.330136676293865
llama2_16_c14_m64,16,14,64,1.855944,942926467.0,1790398286.0,1921489970.0,1.898768,1173538.0,22880.028597,569.0,77191.564148,25165824.0,25165824.0,1572864.0,28.52237787452667,-26.629408117255693,51904512.0,3.345114329927215,1.0,0.24880478699979802,4.0,14.928287219987881,0.8924656426806844,0.9484719900283868,1.8409376327090712,1.855944,-0.8085571165363209
llama2_16_c14_m128,16,14,128,2.66011,942926467.0,1790258035.0,3529962299.0,1.898619,1173541.0,22881.649214,569.0,76743.40949,25165824.0,25165824.0,1572864.0,28.524197211071165,-26.629408117255693,51904512.0,3.345114329927215,1.0,0.24880478699979802,4.0,30.851793587974953,0.8933233929707775,1.7749738173876481,2.6682972103584257,2.66011,0.3077771354728088
llama2_16_c18_m0,16,18,0,1.109341,942926467.0,1790168613.0,428513745.0,1.898524,1173535.0,22875.537159,569.0,76186.29174,25165824.0,25165824.0,1572864.0,28.51610856298843,-26.629408117255693,51904512.0,4.266356573597131,1.0,0.24996958335940828,8.0,0.0,0.8895098927910468,0.22144315597055117,1.110953048761598,1.109341,0.14531589129023803
llama2_16_c18_m2,16,18,2,1.109341,942926467.0,1790168613.0,428513745.0,1.898524,1173535.0,22875.537159,569.0,76186.29174,25165824.0,25165824.0,1572864.0,28.51610856298843,-26.629408117255693,51904512.0,4.266356573597131,1.0,0.24996958335940828,8.0,0.0,0.8895098927910468,0.22144315597055117,1.110953048761598,1.109341,0.14531589129023803
llama2_16_c18_m4,16,18,4,1.109341,942926467.0,1790168613.0,428513745.0,1.898524,1173535.0,22875.537159,569.0,76186.29174,25165824.0,25165824.0,1572864.0,28.51610856298843,-26.629408117255693,51904512.0,4.266356573597131,1.0,0.24996958335940828,8.0,0.0,0.8895098927910468,0.22144315597055117,1.110953048761598,1.109341,0.14531589129023803
llama2_16_c18_m8,16,18,8,1.109405,942926467.0,1790152387.0,428656825.0,1.898507,1173538.0,22877.6827,569.0,77925.307557,25165824.0,25165824.0,1572864.0,28.519901011955085,-26.629408117255693,51904512.0,4.266356573597131,1.0,0.24996958335940828,8.0,0.0,0.8912978930437505,0.22144315597055117,1.1127410490143017,1.109405,0.30070614557368447
llama2_16_c18_m16,16,18,16,1.213611,942926467.0,1790182240.0,637038976.0,1.898539,1173535.0,22879.443732,569.0,78614.235501,25165824.0,25165824.0,1572864.0,28.52243567369574,-26.629408117255693,51904512.0,4.266356573597131,1.0,0.24996958335940828,8.0,1.9997566668752662,0.8924928928638278,0.3252395498834584,1.2177324427472862,1.213611,0.3396016307767652
llama2_16_c18_m32,16,18,32,1.461483,942926467.0,1790415389.0,1132550779.0,1.898786,1173542.0,22873.832381,569.0,78019.332162,25165824.0,25165824.0,1572864.0,28.515262792028174,-26.629408117255693,51904512.0,4.266356573597131,1.0,0.24996958335940828,8.0,5.999270000625799,0.8891111428793251,0.532832337709273,1.421943480588598,1.461483,-2.7054382029351074
llama2_16_c18_m64,16,18,64,1.858842,942926467.0,1790931355.0,1926752865.0,1.899333,1173537.0,22865.255207,569.0,78180.140598,25165824.0,25165824.0,1572864.0,28.50456365422758,-26.629408117255693,51904512.0,4.266356573597131,1.0,0.24996958335940828,8.0,13.998296668126864,0.8840668927761954,0.948017913360902,1.8320848061370976,1.858842,-1.4394549866477375
llama2_16_c18_m128,16,18,128,2.66011,942926467.0,1790258035.0,3529962299.0,1.898619,1173541.0,22881.649214,569.0,76743.40949,25165824.0,25165824.0,1572864.0,28.524197211071165,-26.629408117255693,51904512.0,4.266356573597131,1.0,0.24996958335940828,8.0,29.996350003128992,0.8933233929707775,1.77838906466416,2.6717124576349374,2.66011,0.43616458097362104
llama2_16_c50_m0,16,50,0,1.77851,942926467.0,1790111088.0,1766908428.0,1.898463,1173538.0,22881.049442,569.0,79202.108963,25165824.0,25165824.0,1572864.0,28.5248616317244,-26.629408117255693,51904512.0,17.06817510995864,1.0,0.24507176984353563,56.0,0.0,0.893636642880355,0.8859152998129497,1.7795519426933049,1.77851,0.05858514674108216
llama2_16_c50_m2,16,50,2,1.77851,942926467.0,1790111088.0,1766908428.0,1.898463,1173538.0,22881.049442,569.0,79202.108963,25165824.0,25165824.0,1572864.0,28.5248616317244,-26.629408117255693,51904512.0,17.06817510995864,1.0,0.24507176984353563,56.0,0.0,0.893636642880355,0.8859152998129497,1.7795519426933049,1.77851,0.05858514674108216
llama2_16_c50_m4,16,50,4,1.77851,942926467.0,1790111088.0,1766908428.0,1.898463,1173538.0,22881.049442,569.0,79202.108963,25165824.0,25165824.0,1572864.0,28.5248616317244,-26.629408117255693,51904512.0,17.06817510995864,1.0,0.24507176984353563,56.0,0.0,0.893636642880355,0.8859152998129497,1.7795519426933049,1.77851,0.05858514674108216
llama2_16_c50_m8,16,50,8,1.778568,942926467.0,1790106686.0,1767029382.0,1.898458,1173539.0,22876.252089,569.0,78035.149385,25165824.0,25165824.0,1572864.0,28.518211060325488,-26.629408117255693,51904512.0,17.06817510995864,1.0,0.24507176984353563,56.0,0.0,0.890501142984002,0.8859152998129497,1.7764164427969518,1.778568,-0.12097132091931037
llama2_16_c50_m16,16,50,16,1.778568,942926467.0,1790100803.0,1767035265.0,1.898452,1173539.0,22875.798333,569.0,77604.56942,25165824.0,25165824.0,1572864.0,28.517386499355165,-26.629408117255693,51904512.0,17.06817510995864,1.0,0.24507176984353563,56.0,0.0,0.8901123928027158,0.8859152998129497,1.7760276926156655,1.778568,-0.14282880296589265
llama2_16_c50_m32,16,50,32,1.780523,942926467.0,1790226351.0,1770820013.0,1.898585,1173537.0,22884.120824,569.0,76945.518453,25165824.0,25165824.0,1572864.0,28.52729819432913,-26.629408117255693,51904512.0,17.06817510995864,1.0,0.24507176984353563,56.0,0.0,0.8947853925646072,0.8859152998129497,1.780700692377557,1.780523,0.00997978557743636
llama2_16_c50_m64,16,50,64,1.897059,942926467.0,1790217178.0,2003901250.0,1.898576,1173540.0,22882.649505,569.0,77306.678383,25165824.0,25165824.0,1572864.0,28.525757777989732,-26.629408117255693,51904512.0,17.06817510995864,1.0,0.24507176984353563,56.0,1.960574158748285,0.894059142896298,0.9876779447625899,1.881737087658888,1.897059,-0.8076666219190932
llama2_16_c50_m128,16,50,128,2.695317,942926467.0,1790247670.0,3600386502.0,1.898608,1173537.0,22882.873314,569.0,78230.228471,25165824.0,25165824.0,1572864.0,28.52652082815236,-26.629408117255693,51904512.0,17.06817510995864,1.0,0.24507176984353563,56.0,17.645167428734567,0.8944188929932937,1.8017791043597124,2.696197997353006,2.695317,0.032686224032496075
llama2_16_c500_m0,16,500,0,9.298172,942926467.0,1790194271.0,16806150259.0,1.898551,1173538.0,22880.834281,569.0,77710.896309,25165824.0,25165824.0,1572864.0,28.523693990717092,-26.629408117255693,51904512.0,161.89679669319574,1.0,0.010616095339470409,28.0,0.0,0.8930861430754832,8.40317422672354,9.296260369799022,9.298172,-0.020559204550931076
llama2_16_c500_m2,16,500,2,9.298172,942926467.0,1790194271.0,16806150259.0,1.898551,1173538.0,22880.834281,569.0,77710.896309,25165824.0,25165824.0,1572864.0,28.523693990717092,-26.629408117255693,51904512.0,161.89679669319574,1.0,0.010616095339470409,28.0,0.0,0.8930861430754832,8.40317422672354,9.296260369799022,9.298172,-0.020559204550931076
llama2_16_c500_m4,16,500,4,9.298172,942926467.0,1790194271.0,16806150259.0,1.898551,1173538.0,22880.834281,569.0,77710.896309,25165824.0,25165824.0,1572864.0,28.523693990717092,-26.629408117255693,51904512.0,161.89679669319574,1.0,0.010616095339470409,28.0,0.0,0.8930861430754832,8.40317422672354,9.296260369799022,9.298172,-0.020559204550931076
llama2_16_c500_m8,16,500,8,9.298222,942926467.0,1790154035.0,16806290253.0,1.898509,1173537.0,22878.460159,569.0,78282.073814,25165824.0,25165824.0,1572864.0,28.521059638060354,-26.629408117255693,51904512.0,161.89679669319574,1.0,0.010616095339470409,28.0,0.0,0.8918441426537581,8.40317422672354,9.295018369377297,9.298222,-0.03445422816000153
llama2_16_c500_m16,16,500,16,9.29903,942926467.0,1790187236.0,16807872250.0,1.898544,1173538.0,22883.996939,569.0,77248.681898,25165824.0,25165824.0,1572864.0,28.527351221121407,-26.629408117255693,51904512.0,161.89679669319574,1.0,0.010616095339470409,28.0,0.0,0.8948103927475559,8.40317422672354,9.297984619471094,9.29903,-0.01124182338271499
llama2_16_c500_m32,16,500,32,9.300823,942926467.0,1790118664.0,16811527376.0,1.898471,1173542.0,22877.396378,569.0,76288.224956,25165824.0,25165824.0,1572864.0,28.518653830756076,-26.629408117255693,51904512.0,161.89679669319574,1.0,0.010616095339470409,28.0,0.042464381357881636,0.8907098929629053,8.405378319715302,9.296088212678207,9.300823,-0.05090718661985791
llama2_16_c500_m64,16,500,64,9.316871,942926467.0,1790237335.0,16843505065.0,1.898597,1173536.0,22878.511609,569.0,76340.070299,25165824.0,25165824.0,1572864.0,28.519927524295014,-26.629408117255693,51904512.0,161.89679669319574,1.0,0.010616095339470409,28.0,0.38217943222093476,0.8913103926372609,8.423011063649405,9.314321456286665,9.316871,-0.02736480641768918
llama2_16_c500_m128,16,500,128,9.353933,942926467.0,1790437002.0,16917428416.0,1.898809,1173539.0,22878.287385,569.0,78423.550088,25165824.0,25165824.0,1572864.0,28.520978507548445,-26.629408117255693,51904512.0,161.89679669319574,1.0,0.010616095339470409,28.0,1.0616095339470408,0.8918058926002782,8.458276551517606,9.350082444117884,9.353933,-0.041165100093354945
llama2_16_c5000_m0,16,5000,0,84.501051,942926467.0,1790219484.0,167211882656.0,1.898578,1173538.0,22886.079957,569.0,79156.414763,25165824.0,25165824.0,1572864.0,28.53109488608513,-26.629408117255693,51904512.0,1610.7615948469836,1.0,0.010694496422418242,28.0,0.0,0.8965753931364927,83.60579452887441,84.5023699220109,84.501051,0.0015608350373009707
llama2_16_c5000_m2,16,5000,2,84.501051,942926467.0,1790219484.0,167211882656.0,1.898578,1173538.0,22886.079957,569.0,79156.414763,25165824.0,25165824.0,1572864.0,28.53109488608513,-26.629408117255693,51904512.0,1610.7615948469836,1.0,0.010694496422418242,28.0,0.0,0.8965753931364927,83.60579452887441,84.5023699220109,84.501051,0.0015608350373009707
llama2_16_c5000_m4,16,5000,4,84.501051,942926467.0,1790219484.0,167211882656.0,1.898578,1173538.0,22886.079957,569.0,79156.414763,25165824.0,25165824.0,1572864.0,28.53109488608513,-26.629408117255693,51904512.0,1610.7615948469836,1.0,0.010694496422418242,28.0,0.0,0.8965753931364927,83.60579452887441,84.5023699220109,84.501051,0.0015608350373009707
llama2_16_c5000_m8,16,5000,8,84.501099,942926467.0,1790194738.0,167212003336.0,1.898552,1173542.0,22885.832378,569.0,78202.108963,25165824.0,25165824.0,1572864.0,28.530307974209002,-26.629408117255693,51904512.0,1610.7615948469836,1.0,0.010694496422418242,28.0,0.0,0.8962043931188947,83.60579452887441,84.5019989219933,84.501099,0.0010649825907102042
llama2_16_c5000_m16,16,5000,16,84.501099,942926467.0,1790186323.0,167212011751.0,1.898543,1173539.0,22878.057312,569.0,79079.086116,25165824.0,25165824.0,1572864.0,28.52108774232463,-26.629408117255693,51904512.0,1610.7615948469836,1.0,0.010694496422418242,28.0,0.0,0.8918573927810696,83.60579452887441,84.49765192165547,84.501099,-0.004079329600815623
llama2_16_c5000_m32,16,5000,32,84.502951,942926467.0,1790266059.0,167215636631.0,1.898627,1173541.0,22876.941666,569.0,78230.228471,25165824.0,25165824.0,1572864.0,28.51923552980437,-26.629408117255693,51904512.0,1610.7615948469836,1.0,0.010694496422418242,28.0,0.04277798568967297,0.8909841426771375,83.60801489934597,84.49899904202312,84.502951,-0.004676710020317218
llama2_16_c5000_m64,16,5000,64,84.520063,942926467.0,1790664664.0,167249461468.0,1.89905,1173543.0,22873.903641,569.0,79210.896309,25165824.0,25165824.0,1572864.0,28.516094776847414,-26.629408117255693,51904512.0,1610.7615948469836,1.0,0.010694496422418242,28.0,0.3850018712070567,0.8895033931324265,83.62577786311849,84.51528125625092,84.520063,-0.0056575250648805185
llama2_16_c5000_m128,16,5000,128,84.55681,942926467.0,1790241963.0,167323377241.0,1.898602,1173540.0,22881.469315,569.0,77486.818981,25165824.0,25165824.0,1572864.0,28.524397650538415,-26.629408117255693,51904512.0,1610.7615948469836,1.0,0.010694496422418242,28.0,1.0694496422418243,0.893417892810128,83.66130379066354,84.55472168347367,84.55681,-0.00246972009271126
llama2_32_c5_m0,32,5,0,0.776196,828383449.0,1260733322.0,291658466.0,1.52192,1098713.0,23514.264417,587.0,74523.850085,25165824.0,25165824.0,786432.0,31.240572867113396,-29.718652867113395,51118080.0,2.720727334123584,1.0,0.24704373006684882,4.0,0.0,0.6303666693510407,0.1390783575239161,0.7694450268749568,0.776196,-0.8697510841389606
llama2_32_c5_m2,32,5,2,0.776196,828383449.0,1260733322.0,291658466.0,1.52192,1098713.0,23514.264417,587.0,74523.850085,25165824.0,25165824.0,786432.0,31.240572867113396,-29.718652867113395,51118080.0,2.720727334123584,1.0,0.24704373006684882,4.0,0.0,0.6303666693510407,0.1390783575239161,0.7694450268749568,0.776196,-0.8697510841389606
llama2_32_c5_m4,32,5,4,0.776196,828383449.0,1260733322.0,291658466.0,1.52192,1098713.0,23514.264417,587.0,74523.850085,25165824.0,25165824.0,786432.0,31.240572867113396,-29.718652867113395,51118080.0,2.720727334123584,1.0,0.24704373006684882,4.0,0.0,0.6303666693510407,0.1390783575239161,0.7694450268749568,0.776196,-0.8697510841389606
llama2_32_c5_m8,32,5,8,0.776247,828383449.0,1260824856.0,291668546.0,1.52203,1098713.0,23519.648898,587.0,73065.587734,25165824.0,25165824.0,786432.0,31.24668114858501,-29.718652867113395,51118080.0,2.720727334123584,1.0,0.24704373006684882,4.0,0.9881749202673953,0.6328966689875003,0.18959196215213844,0.8224886311396388,0.776247,5.9570769535519945
llama2_32_c5_m16,32,5,16,0.906967,828383449.0,1261008516.0,552924506.0,1.522252,1098713.0,23513.427073,587.0,73479.55707,25165824.0,25165824.0,786432.0,31.238722273961244,-29.718652867113395,51118080.0,2.720727334123584,1.0,0.24704373006684882,4.0,2.9645247608021856,0.6296001689820028,0.2906191714085831,0.9202193403905858,0.906967,1.4611711771857048
llama2_32_c5_m32,32,5,32,1.15642,828383449.0,1260251498.0,1052588146.0,1.521338,1098713.0,23511.062489,587.0,75534.07155,25165824.0,25165824.0,786432.0,31.237041893719088,-29.718652867113395,51118080.0,2.720727334123584,1.0,0.24704373006684882,4.0,6.917224441871767,0.6289041693916883,0.4926735899214725,1.1215777593131606,1.15642,-3.0129399947112114
llama2_32_c5_m64,32,5,64,1.544418,828383449.0,1260970734.0,1827865026.0,1.522207,1098713.0,23516.378253,587.0,74379.045997,25165824.0,25165824.0,786432.0,31.24327390984441,-29.718652867113395,51118080.0,2.720727334123584,1.0,0.24704373006684882,4.0,14.822623804010929,0.631485418897748,0.896782426947251,1.528267845844999,1.544418,-1.0457113394819986
llama2_32_c5_m128,32,5,128,2.322241,828383449.0,1260698050.0,3383783026.0,1.521877,1098714.0,23508.684244,587.0,74306.643952,25165824.0,25165824.0,786432.0,31.233046159595638,-29.718652867113395,51118080.0,2.720727334123584,1.0,0.24704373006684882,4.0,30.633422528289255,0.6272491693844531,1.7050001009988087,2.3322492703832616,2.322241,0.43097466556061903
llama2_32_c9_m0,32,9,0,0.776604,828383449.0,1260475912.0,292731426.0,1.521609,1098713.0,23514.086026,587.0,74224.020443,25165824.0,25165824.0,786432.0,31.240123799098964,-29.718652867113395,51118080.0,2.7303070849899447,1.0,0.24694728774435296,4.0,0.0,0.6301806690957249,0.13956805599508282,0.7697487250908077,0.776604,-0.8827246459189296
llama2_32_c9_m2,32,9,2,0.776604,828383449.0,1260475912.0,292731426.0,1.521609,1098713.0,23514.086026,587.0,74224.020443,25165824.0,25165824.0,786432.0,31.240123799098964,-29.718652867113395,51118080.0,2.7303070849899447,1.0,0.24694728774435296,4.0,0.0,0.6301806690957249,0.13956805599508282,0.7697487250908077,0.776604,-0.8827246459189296
llama2_32_c9_m4,32,9,4,0.776604,828383449.0,1260475912.0,292731426.0,1.521609,1098713.0,23514.086026,587.0,74224.020443,25165824.0,25165824.0,786432.0,31.240123799098964,-29.718652867113395,51118080.0,2.7303070849899447,1.0,0.24694728774435296,4.0,0.0,0.6301806690957249,0.13956805599508282,0.7697487250908077,0.776604,-0.8827246459189296
llama2_32_c9_m8,32,9,8,0.776655,828383449.0,1260580492.0,292730026.0,1.521735,1098713.0,23516.76871,587.0,72721.465077,25165824.0,25165824.0,786432.0,31.2426172093528,-29.718652867113395,51118080.0,2.7303070849899447,1.0,0.24694728774435296,4.0,0.9877891509774118,0.6312134189886479,0.1900619408378782,0.8212753598265261,0.776655,5.745197008520659
llama2_32_c9_m16,32,9,16,0.907089,828383449.0,1260381788.0,553795866.0,1.521496,1098714.0,23513.659606,587.0,73971.890971,25165824.0,25165824.0,786432.0,31.239407947594884,-29.718652867113395,51118080.0,2.7303070849899447,1.0,0.24694728774435296,4.0,2.9633674529322356,0.6298841693267644,0.29104971052346906,0.9209338798502334,0.907089,1.5262978440079658
llama2_32_c9_m32,32,9,32,1.156825,828383449.0,1260627386.0,1053023546.0,1.521792,1098713.0,23515.858099,587.0,75149.914821,25165824.0,25165824.0,786432.0,31.2431302566096,-29.718652867113395,51118080.0,2.7303070849899447,1.0,0.24694728774435296,4.0,6.914524056841882,0.6314259189166914,0.4930252498946507,1.124451168811342,1.156825,-2.798507223534924
llama2_32_c9_m64,32,9,64,1.544418,828383449.0,1260970734.0,1827865026.0,1.522207,1098713.0,23516.378253,587.0,74379.045997,25165824.0,25165824.0,786432.0,31.24327390984441,-29.718652867113395,51118080.0,2.7303070849899447,1.0,0.24694728774435296,4.0,14.816837264661178,0.631485418897748,0.8969763286370142,1.5284617475347622,1.544418,-1.0331563388433642
llama2_32_c9_m128,32,9,128,2.322241,828383449.0,1260698050.0,3383783026.0,1.521877,1098714.0,23508.684244,587.0,74306.643952,25165824.0,25165824.0,786432.0,31.233046159595638,-29.718652867113395,51118080.0,2.7303070849899447,1.0,0.24694728774435296,4.0,30.621463680299765,0.6272491693844531,1.7048784861217408,2.332127655506194,2.322241,0.42573770363170976
llama2_32_c14_m0,32,14,0,0.777368,828383449.0,1260501258.0,294234466.0,1.52164,1098713.0,23515.286067,587.0,73857.751278,25165824.0,25165824.0,786432.0,31.241455912444188,-29.718652867113395,51118080.0,2.7455836512246914,1.0,0.2468176970145136,4.0,0.0,0.6307324194194129,0.1403489647299959,0.7710813841494089,0.777368,-0.8087052529292553
llama2_32_c14_m2,32,14,2,0.777368,828383449.0,1260501258.0,294234466.0,1.52164,1098713.0,23515.286067,587.0,73857.751278,25165824.0,25165824.0,786432.0,31.241455912444188,-29.718652867113395,51118080.0,2.7455836512246914,1.0,0.2468176970145136,4.0,0.0,0.6307324194194129,0.1403489647299959,0.7710813841494089,0.777368,-0.8087052529292553
llama2_32_c14_m4,32,14,4,0.777368,828383449.0,1260501258.0,294234466.0,1.52164,1098713.0,23515.286067,587.0,73857.751278,25165824.0,25165824.0,786432.0,31.241455912444188,-29.718652867113395,51118080.0,2.7455836512246914,1.0,0.2468176970145136,4.0,0.0,0.6307324194194129,0.1403489647299959,0.7710813841494089,0.777368,-0.8087052529292553
llama2_32_c14_m8,32,14,8,0.777375,828383449.0,1260504618.0,294244826.0,1.521644,1098714.0,23509.382332,587.0,73765.758092,25165824.0,25165824.0,786432.0,31.23358878156564,-29.718652867113395,51118080.0,2.7455836512246914,1.0,0.2468176970145136,4.0,0.9872707880580543,0.6274739189139599,0.19081635185561055,0.8182902707695704,0.777375,5.26326043023899
llama2_32_c14_m16,32,14,16,0.908022,828383449.0,1260735940.0,555308146.0,1.521923,1098714.0,23516.197118,587.0,73445.48552,25165824.0,25165824.0,786432.0,31.242400523029392,-29.718652867113395,51118080.0,2.7455836512246914,1.0,0.2468176970145136,4.0,2.961812364174163,0.6311236693066795,0.2917511261068399,0.9228747954135195,0.908022,1.6357307877473752
llama2_32_c14_m32,32,14,32,1.157611,828383449.0,1260690002.0,1054532466.0,1.521868,1098714.0,23511.66136,587.0,75456.558773,25165824.0,25165824.0,786432.0,31.23780965291931,-29.718652867113395,51118080.0,2.7455836512246914,1.0,0.2468176970145136,4.0,6.910895516406381,0.6292221688988291,0.4936206746092986,1.1228428435081277,1.157611,-3.0034404037169877
llama2_32_c14_m64,32,14,64,1.544416,828383449.0,1260538232.0,1828293706.0,1.521684,1098713.0,23512.769486,587.0,74551.959114,25165824.0,25165824.0,786432.0,31.238610007853307,-29.718652867113395,51118080.0,2.7455836512246914,1.0,0.2468176970145136,4.0,14.809061820870815,0.6295536692891534,0.8973597716142158,1.5269134409033691,1.544416,-1.1332800940051708
llama2_32_c14_m128,32,14,128,2.322241,828383449.0,1260698050.0,3383783026.0,1.521877,1098714.0,23508.684244,587.0,74306.643952,25165824.0,25165824.0,786432.0,31.233046159595638,-29.718652867113395,51118080.0,2.7455836512246914,1.0,0.2468176970145136,4.0,30.605394429799684,0.6272491693844531,1.7048379656240504,2.3320871350085035,2.322241,0.4239928159266635
llama2_32_c18_m0,32,18,0,0.777995,828383449.0,1260897778.0,295092946.0,1.522119,1098713.0,23517.726649,587.0,73847.529813,25165824.0,25165824.0,786432.0,31.24468569591492,-29.718652867113395,51118080.0,2.7549473108572555,1.0,0.24675588807210372,4.0,0.0,0.6320701690049173,0.14082761703218608,0.7728977860371034,0.777995,-0.655173100456512
llama2_32_c18_m2,32,18,2,0.777995,828383449.0,1260897778.0,295092946.0,1.522119,1098713.0,23517.726649,587.0,73847.529813,25165824.0,25165824.0,786432.0,31.24468569591492,-29.718652867113395,51118080.0,2.7549473108572555,1.0,0.24675588807210372,4.0,0.0,0.6320701690049173,0.14082761703218608,0.7728977860371034,0.777995,-0.655173100456512
llama2_32_c18_m4,32,18,4,0.777995,828383449.0,1260897778.0,295092946.0,1.522119,1098713.0,23517.726649,587.0,73847.529813,25165824.0,25165824.0,786432.0,31.24468569591492,-29.718652867113395,51118080.0,2.7549473108572555,1.0,0.24675588807210372,4.0,0.0,0.6320701690049173,0.14082761703218608,0.7728977860371034,0.777995,-0.655173100456512
llama2_32_c18_m8,32,18,8,0.777844,828383449.0,1260586980.0,295100786.0,1.521743,1098713.0,23514.121522,587.0,74443.781942,25165824.0,25165824.0,786432.0,31.240326603629594,-29.718652867113395,51118080.0,2.7549473108572555,1.0,0.24675588807210372,4.0,0.9870235522884149,0.6302646690540031,0.19128236593994943,0.8215470349939525,0.777844,5.618483268361338
llama2_32_c18_m16,32,18,16,0.908617,828383449.0,1260862880.0,556371026.0,1.522076,1098713.0,23518.22769,587.0,74573.253833,25165824.0,25165824.0,786432.0,31.24586449814854,-29.718652867113395,51118080.0,2.7549473108572555,1.0,0.24675588807210372,4.0,2.9610706568652447,0.6325584191349038,0.2921918637554762,0.92475028289038,0.908617,1.7755867313048252
llama2_32_c18_m32,32,18,32,1.157885,828383449.0,1260388174.0,1055382266.0,1.521503,1098714.0,23511.913473,587.0,72665.247019,25165824.0,25165824.0,786432.0,31.236166090486286,-29.718652867113395,51118080.0,2.7549473108572555,1.0,0.24675588807210372,4.0,6.909164866018904,0.6285414189403714,0.4940108593865297,1.122552278326901,1.157885,-3.05148798655298
llama2_32_c18_m64,32,18,64,1.545039,828383449.0,1260911296.0,1829167306.0,1.522135,1098713.0,23514.405946,587.0,74101.362862,25165824.0,25165824.0,786432.0,31.24046120355006,-29.718652867113395,51118080.0,2.7549473108572555,1.0,0.24675588807210372,4.0,14.805353284326223,0.6303204192271779,0.8976488506486366,1.5279692698758145,1.545039,-1.1048090128589345
llama2_32_c18_m128,32,18,128,2.322241,828383449.0,1260698050.0,3383783026.0,1.521877,1098714.0,23508.684244,587.0,74306.643952,25165824.0,25165824.0,786432.0,31.233046159595638,-29.718652867113395,51118080.0,2.7549473108572555,1.0,0.24675588807210372,4.0,30.59773012094086,0.6272491693844531,1.7049248331728508,2.332174002557304,2.322241,0.4277334935221579
llama2_32_c50_m0,32,50,0,1.055282,828383449.0,1260875200.0,849689786.0,1.522091,1098714.0,23512.680279,587.0,73385.860307,25165824.0,25165824.0,786432.0,31.237693765247375,-29.718652867113395,51118080.0,8.367507637412077,1.0,0.2400463204018683,24.0,0.0,0.629174169184142,0.42773092480984154,1.0569050939939837,1.055282,0.15380665964013765
llama2_32_c50_m2,32,50,2,1.055282,828383449.0,1260875200.0,849689786.0,1.522091,1098714.0,23512.680279,587.0,73385.860307,25165824.0,25165824.0,786432.0,31.237693765247375,-29.718652867113395,51118080.0,8.367507637412077,1.0,0.2400463204018683,24.0,0.0,0.629174169184142,0.42773092480984154,1.0569050939939837,1.055282,0.15380665964013765
llama2_32_c50_m4,32,50,4,1.055282,828383449.0,1260875200.0,849689786.0,1.522091,1098714.0,23512.680279,587.0,73385.860307,25165824.0,25165824.0,786432.0,31.237693765247375,-29.718652867113395,51118080.0,8.367507637412077,1.0,0.2400463204018683,24.0,0.0,0.629174169184142,0.42773092480984154,1.0569050939939837,1.055282,0.15380665964013765
llama2_32_c50_m8,32,50,8,1.055305,828383449.0,1260923470.0,849685586.0,1.52215,1098713.0,23512.787234,587.0,74704.429302,25165824.0,25165824.0,786432.0,31.238741589379725,-29.718652867113395,51118080.0,8.367507637412077,1.0,0.2400463204018683,24.0,0.0,0.6296081692684927,0.42773092480984154,1.0573390940783343,1.055305,0.1927494021476564
llama2_32_c50_m16,32,50,16,1.055264,828383449.0,1260840832.0,849688106.0,1.52205,1098714.0,23506.623198,587.0,73298.126065,25165824.0,25165824.0,786432.0,31.2295978771632,-29.718652867113395,51118080.0,8.367507637412077,1.0,0.2400463204018683,24.0,0.0,0.625820919337199,0.42773092480984154,1.0535518441470404,1.055264,-0.16224905359792288
llama2_32_c50_m32,32,50,32,1.16808,828383449.0,1260983176.0,1075176306.0,1.522222,1098714.0,23508.754781,587.0,73867.972743,25165824.0,25165824.0,786432.0,31.23282886890679,-29.718652867113395,51118080.0,8.367507637412077,1.0,0.2400463204018683,24.0,1.9203705632149464,0.6271591693793213,0.5258965808899083,1.1530557502692296,1.16808,-1.2862346526582455
llama2_32_c50_m64,32,50,64,1.55488,828383449.0,1260809110.0,1848951266.0,1.522011,1098713.0,23518.359663,587.0,74040.034072,25165824.0,25165824.0,786432.0,31.245661694061663,-29.718652867113395,51118080.0,8.367507637412077,1.0,0.2400463204018683,24.0,9.601852816074732,0.6324744193604254,0.918559205210175,1.5510336245706005,1.55488,-0.2473744230679914
llama2_32_c50_m128,32,50,128,2.331059,828383449.0,1260698282.0,3401419106.0,1.521878,1098714.0,23509.059683,587.0,73445.48552,25165824.0,25165824.0,786432.0,31.232933892849786,-29.718652867113395,51118080.0,8.367507637412077,1.0,0.2400463204018683,24.0,24.964817321794303,0.6272026694273848,1.7038844538507085,2.331087123278093,2.331059,0.0012064592999569761
llama2_32_c500_m0,32,500,0,4.70463,828383449.0,1260679878.0,8148579706.0,1.521855,1098714.0,23517.519118,587.0,74575.809199,25165824.0,25165824.0,786432.0,31.244954895536626,-29.718652867113395,51118080.0,79.70251108789886,1.0,0.005264215163792507,28.0,0.0,0.6321816692604662,4.074239337992101,4.706421007252567,4.70463,0.038069035239058364
llama2_32_c500_m2,32,500,2,4.70463,828383449.0,1260679878.0,8148579706.0,1.521855,1098714.0,23517.519118,587.0,74575.809199,25165824.0,25165824.0,786432.0,31.244954895536626,-29.718652867113395,51118080.0,79.70251108789886,1.0,0.005264215163792507,28.0,0.0,0.6321816692604662,4.074239337992101,4.706421007252567,4.70463,0.038069035239058364
llama2_32_c500_m4,32,500,4,4.70463,828383449.0,1260679878.0,8148579706.0,1.521855,1098714.0,23517.519118,587.0,74575.809199,25165824.0,25165824.0,786432.0,31.244954895536626,-29.718652867113395,51118080.0,79.70251108789886,1.0,0.005264215163792507,28.0,0.0,0.6321816692604662,4.074239337992101,4.706421007252567,4.70463,0.038069035239058364
llama2_32_c500_m8,32,500,8,4.70482,828383449.0,1261063414.0,8148577186.0,1.522318,1098714.0,23516.718637,587.0,74775.979557,25165824.0,25165824.0,786432.0,31.244035032057695,-29.718652867113395,51118080.0,79.70251108789886,1.0,0.005264215163792507,28.0,0.0,0.6318006694198234,4.074239337992101,4.706040007411925,4.70482,0.02593101142924266
llama2_32_c500_m16,32,500,16,4.704852,828383449.0,1260904450.0,8148799506.0,1.522127,1098713.0,23510.679313,587.0,74637.989779,25165824.0,25165824.0,786432.0,31.235898702781114,-29.718652867113395,51118080.0,79.70251108789886,1.0,0.005264215163792507,28.0,0.0,0.6284306691656562,4.074239337992101,4.702670007157757,4.704852,-0.046377502251769204
llama2_32_c500_m32,32,500,32,4.705707,828383449.0,1260559880.0,8150853586.0,1.521711,1098713.0,23520.601376,587.0,74344.974446,25165824.0,25165824.0,786432.0,31.248851037376156,-29.718652867113395,51118080.0,79.70251108789886,1.0,0.005264215163792507,28.0,0.02105686065517003,0.6337954189678775,4.07531572427962,4.7091111432474975,4.705707,0.07234073960612422
llama2_32_c500_m64,32,500,64,4.713701,828383449.0,1261009934.0,8166391626.0,1.522254,1098714.0,23507.066898,587.0,74467.632027,25165824.0,25165824.0,786432.0,31.231015094519375,-29.718652867113395,51118080.0,79.70251108789886,1.0,0.005264215163792507,28.0,0.18951174589653028,0.626407919037944,4.08392681457978,4.7103347336177235,4.713701,-0.07141450809622593
llama2_32_c500_m128,32,500,128,4.731884,828383449.0,1260952334.0,8202815426.0,1.522184,1098713.0,23511.556703,587.0,74747.018739,25165824.0,25165824.0,786432.0,31.237139673734635,-29.718652867113395,51118080.0,79.70251108789886,1.0,0.005264215163792507,28.0,0.5264215163792507,0.6289446690649495,4.101148995180097,4.730093664245047,4.731884,-0.03783557997096619
llama2_32_c5000_m0,32,5000,0,41.199957,828383449.0,1260529938.0,81139384026.0,1.521674,1098714.0,23514.915164,587.0,74667.802385,25165824.0,25165824.0,786432.0,31.241566367291203,-29.718652867113395,51118080.0,793.6450358274722,1.0,0.005273842688938102,28.0,0.0,0.6307781689029772,40.569610433031585,41.20038860193456,41.199957,0.0010475786044270657
llama2_32_c5000_m2,32,5000,2,41.199957,828383449.0,1260529938.0,81139384026.0,1.521674,1098714.0,23514.915164,587.0,74667.802385,25165824.0,25165824.0,786432.0,31.241566367291203,-29.718652867113395,51118080.0,793.6450358274722,1.0,0.005273842688938102,28.0,0.0,0.6307781689029772,40.569610433031585,41.20038860193456,41.199957,0.0010475786044270657
llama2_32_c5000_m4,32,5000,4,41.199957,828383449.0,1260529938.0,81139384026.0,1.521674,1098714.0,23514.915164,587.0,74667.802385,25165824.0,25165824.0,786432.0,31.241566367291203,-29.718652867113395,51118080.0,793.6450358274722,1.0,0.005273842688938102,28.0,0.0,0.6307781689029772,40.569610433031585,41.20038860193456,41.199957,0.0010475786044270657
llama2_32_c5000_m8,32,5000,8,41.199879,828383449.0,1260368162.0,81139390186.0,1.521479,1098713.0,23514.115151,587.0,74907.155026,25165824.0,25165824.0,786432.0,31.24064650391262,-29.718652867113395,51118080.0,793.6450358274722,1.0,0.005273842688938102,28.0,0.0,0.6303971691038984,40.569610433031585,41.200007602135486,41.199879,0.0003121420222688903
llama2_32_c5000_m16,32,5000,16,41.199962,828383449.0,1260537826.0,81139386266.0,1.521684,1098714.0,23511.71779,587.0,73027.25724,25165824.0,25165824.0,786432.0,31.236163072980396,-29.718652867113395,51118080.0,793.6450358274722,1.0,0.005273842688938102,28.0,0.0,0.6285401691144034,40.569610433031585,41.19815060214599,41.199962,-0.0043966007881581365
llama2_32_c5000_m32,32,5000,32,41.201154,828383449.0,1260850184.0,81141458546.0,1.522061,1098714.0,23516.278122,587.0,72869.67632,25165824.0,25165824.0,786432.0,31.24209993786941,-29.718652867113395,51118080.0,793.6450358274722,1.0,0.005273842688938102,28.0,0.021095370755752407,0.6309991694209068,40.570688787881515,41.201687957302426,41.201154,0.001295976570032492
llama2_32_c5000_m64,32,5000,64,41.209016,828383449.0,1260809150.0,81157221986.0,1.522012,1098713.0,23515.492217,587.0,75632.879046,25165824.0,25165824.0,786432.0,31.242987207747465,-29.718652867113395,51118080.0,793.6450358274722,1.0,0.005273842688938102,28.0,0.18985833680177167,0.631366669261796,40.57931562668089,41.21068229594268,41.209016,0.004043522763765725
llama2_32_c5000_m128,32,5000,128,41.227284,828383449.0,1260924582.0,81193642706.0,1.522151,1098713.0,23510.732102,587.0,74442.078365,25165824.0,25165824.0,786432.0,31.23582989401927,-29.718652867113395,51118080.0,793.6450358274722,1.0,0.005273842688938102,28.0,0.5273842688938102,0.6284021691459266,40.59656930427964,41.22497147342557,41.227284,-0.005609213972058832
llama2_64_c5_m0,64,5,0,0.661727,792198498.0,1053227096.0,270226830.0,1.329499,1022694.0,24303.095061,587.0,77821.97615,25165824.0,25165824.0,393216.0,31.431908875336426,-30.102409875336427,50724864.0,2.539860531738601,1.0,0.24605747964506447,4.0,0.0,0.5266135554462504,0.12883408005140823,0.6554476354976586,0.661727,-0.948935815274478
llama2_64_c5_m2,64,5,2,0.661727,792198498.0,1053227096.0,270226830.0,1.329499,1022694.0,24303.095061,587.0,77821.97615,25165824.0,25165824.0,393216.0,31.431908875336426,-30.102409875336427,50724864.0,2.539860531738601,1.0,0.24605747964506447,4.0,0.0,0.5266135554462504,0.12883408005140823,0.6554476354976586,0.661727,-0.948935815274478
llama2_64_c5_m4,64,5,4,0.661727,792198498.0,1053227096.0,270226830.0,1.329499,1022694.0,24303.095061,587.0,77821.97615,25165824.0,25165824.0,393216.0,31.431908875336426,-30.102409875336427,50724864.0,2.539860531738601,1.0,0.24605747964506447,4.0,0.0,0.5266135554462504,0.12883408005140823,0.6554476354976586,0.661727,-0.948935815274478
llama2_64_c5_m8,64,5,8,0.661727,792198498.0,1053224024.0,270230190.0,1.329495,1022694.0,24305.445715,587.0,77879.897785,25165824.0,25165824.0,393216.0,31.434986386525573,-30.102409875336427,50724864.0,2.539860531738601,1.0,0.24605747964506447,4.0,0.9842299185802579,0.5278325553170607,0.17875900881612286,0.7065915641331836,0.661727,6.779920440481291
llama2_64_c5_m16,64,5,16,0.789916,792198498.0,1053214330.0,526617230.0,1.329483,1022694.0,24307.627208,587.0,75598.807496,25165824.0,25165824.0,393216.0,31.43611236669942,-30.102409875336427,50724864.0,2.539860531738601,1.0,0.24605747964506447,4.0,2.9526897557407734,0.5282785552183101,0.2786088663455522,0.8068874215638624,0.789916,2.148509659743877
llama2_64_c5_m32,64,5,32,1.040567,792198498.0,1053210832.0,1027923350.0,1.329478,1022694.0,24301.692882,587.0,75636.286201,25165824.0,25165824.0,393216.0,31.428479179297934,-30.102409875336427,50724864.0,2.539860531738601,1.0,0.24605747964506447,4.0,6.889609430061805,0.5252550554211057,0.4783085814044108,1.0035636368255165,1.040567,-3.556076944058719
llama2_64_c5_m64,64,5,64,1.422939,792198498.0,1053202460.0,1792675030.0,1.329468,1022695.0,24306.106415,587.0,76329.642249,25165824.0,25165824.0,393216.0,31.434721301489503,-30.102409875336427,50724864.0,2.539860531738601,1.0,0.24605747964506447,4.0,14.763448778703868,0.5277275553333525,0.8777080115221281,1.4054355668554805,1.422939,-1.2300901967350257
llama2_64_c5_m128,64,5,128,2.188941,792198498.0,1053220162.0,3324660870.0,1.32949,1022695.0,24307.699265,587.0,76753.833049,25165824.0,25165824.0,393216.0,31.437091919125223,-30.102409875336427,50724864.0,2.539860531738601,1.0,0.24605747964506447,4.0,30.511127475987994,0.5286665551985271,1.6765068717575624,2.2051734269560894,2.188941,0.7415653028605896
llama2_64_c9_m0,64,9,0,0.661852,792198498.0,1053230684.0,270472390.0,1.329504,1022695.0,24303.979192,587.0,77620.954003,25165824.0,25165824.0,393216.0,31.432931976806398,-30.102409875336427,50724864.0,2.5421282780264667,1.0,0.24603482829328976,4.0,0.0,0.5270188051701571,0.12894911117344673,0.6559679163436039,0.661852,-0.8890331458386684
llama2_64_c9_m2,64,9,2,0.661852,792198498.0,1053230684.0,270472390.0,1.329504,1022695.0,24303.979192,587.0,77620.954003,25165824.0,25165824.0,393216.0,31.432931976806398,-30.102409875336427,50724864.0,2.5421282780264667,1.0,0.24603482829328976,4.0,0.0,0.5270188051701571,0.12894911117344673,0.6559679163436039,0.661852,-0.8890331458386684
llama2_64_c9_m4,64,9,4,0.661852,792198498.0,1053230684.0,270472390.0,1.329504,1022695.0,24303.979192,587.0,77620.954003,25165824.0,25165824.0,393216.0,31.432931976806398,-30.102409875336427,50724864.0,2.5421282780264667,1.0,0.24603482829328976,4.0,0.0,0.5270188051701571,0.12894911117344673,0.6559679163436039,0.661852,-0.8890331458386684
llama2_64_c9_m8,64,9,8,0.661844,792198498.0,1053215672.0,270471830.0,1.329485,1022694.0,24303.504763,587.0,77242.759796,25165824.0,25165824.0,393216.0,31.432008597536843,-30.102409875336427,50724864.0,2.5421282780264667,1.0,0.24603482829328976,4.0,0.9841393131731591,0.5266530553349443,0.17886944399120863,0.705522499326153,0.661844,6.599515796192604
llama2_64_c9_m16,64,9,16,0.790029,792198498.0,1053205502.0,526852150.0,1.329472,1022694.0,24304.690846,587.0,75690.800681,25165824.0,25165824.0,393216.0,31.432389815082523,-30.102409875336427,50724864.0,2.5421282780264667,1.0,0.24603482829328976,4.0,2.952417939519477,0.5268040553184938,0.2787101096267324,0.8055141649452262,0.790029,1.960075509282093
llama2_64_c9_m32,64,9,32,1.040619,792198498.0,1053210748.0,1028026670.0,1.329478,1022694.0,24302.347036,587.0,74321.124361,25165824.0,25165824.0,393216.0,31.428349160584865,-30.102409875336427,50724864.0,2.5421282780264667,1.0,0.24603482829328976,4.0,6.888975192212113,0.5252035551065032,0.47839144089777996,1.0035949960042831,1.040619,-3.5578827597532636
llama2_64_c9_m64,64,9,64,1.422939,792198498.0,1053202460.0,1792675030.0,1.329468,1022695.0,24306.106415,587.0,76329.642249,25165824.0,25165824.0,393216.0,31.434721301489503,-30.102409875336427,50724864.0,2.5421282780264667,1.0,0.24603482829328976,4.0,14.762089697597386,0.5277275553333525,0.8777541034398753,1.4054816587732277,1.422939,-1.2268509912773653
llama2_64_c9_m128,64,9,128,2.188941,792198498.0,1053220162.0,3324660870.0,1.32949,1022695.0,24307.699265,587.0,76753.833049,25165824.0,25165824.0,393216.0,31.437091919125223,-30.102409875336427,50724864.0,2.5421282780264667,1.0,0.24603482829328976,4.0,30.50831870836793,0.5286665551985271,1.6764794285240658,2.205145983722593,2.188941,0.7403115809239843
llama2_64_c14_m0,64,14,0,0.66203,792198498.0,1053216566.0,270843950.0,1.329486,1022694.0,24304.766137,587.0,77862.86201,25165824.0,25165824.0,393216.0,31.43409645761907,-30.102409875336427,50724864.0,2.5459550607915262,1.0,0.246001548973735,4.0,0.0,0.5274800551455316,0.1291432242087619,0.6566232793542935,0.66203,-0.8166881630298422
llama2_64_c14_m2,64,14,2,0.66203,792198498.0,1053216566.0,270843950.0,1.329486,1022694.0,24304.766137,587.0,77862.86201,25165824.0,25165824.0,393216.0,31.43409645761907,-30.102409875336427,50724864.0,2.5459550607915262,1.0,0.246001548973735,4.0,0.0,0.5274800551455316,0.1291432242087619,0.6566232793542935,0.66203,-0.8166881630298422
llama2_64_c14_m4,64,14,4,0.66203,792198498.0,1053216566.0,270843950.0,1.329486,1022694.0,24304.766137,587.0,77862.86201,25165824.0,25165824.0,393216.0,31.43409645761907,-30.102409875336427,50724864.0,2.5459550607915262,1.0,0.246001548973735,4.0,0.0,0.5274800551455316,0.1291432242087619,0.6566232793542935,0.66203,-0.8166881630298422
llama2_64_c14_m8,64,14,8,0.662038,792198498.0,1053223294.0,270852910.0,1.329494,1022694.0,24308.057444,587.0,75183.134583,25165824.0,25165824.0,393216.0,31.43635977915519,-30.102409875336427,50724864.0,2.5459550607915262,1.0,0.246001548973735,4.0,0.98400619589494,0.5283765551062342,0.1790568046706901,0.7074333597769242,0.662038,6.856911503104689
llama2_64_c14_m16,64,14,16,0.790227,792198498.0,1053217012.0,527236310.0,1.329486,1022694.0,24304.446394,587.0,74953.151618,25165824.0,25165824.0,393216.0,31.431527657939593,-30.102409875336427,50724864.0,2.5459550607915262,1.0,0.246001548973735,4.0,2.9520185876848197,0.5264625555216595,0.27888396559454653,0.8053465211162061,0.790227,1.9133136574941212
llama2_64_c14_m32,64,14,32,1.040811,792198498.0,1053213598.0,1028409150.0,1.329482,1022695.0,24308.381287,587.0,78186.541738,25165824.0,25165824.0,393216.0,31.43903398351138,-30.102409875336427,50724864.0,2.5459550607915262,1.0,0.246001548973735,4.0,6.88804337126458,0.5294358054433933,0.47853828744225924,1.0079740928856524,1.040811,-3.154934672514751
llama2_64_c14_m64,64,14,64,1.422981,792198498.0,1053213952.0,1792748670.0,1.329482,1022695.0,24303.645759,587.0,75369.67632,25165824.0,25165824.0,393216.0,31.430833386281353,-30.102409875336427,50724864.0,2.5459550607915262,1.0,0.246001548973735,4.0,14.7600929384241,0.5261875550392285,0.8778469311376847,1.4040344861769132,1.422981,-1.3314663950598689
llama2_64_c14_m128,64,14,128,2.188941,792198498.0,1053220162.0,3324660870.0,1.32949,1022695.0,24307.699265,587.0,76753.833049,25165824.0,25165824.0,393216.0,31.437091919125223,-30.102409875336427,50724864.0,2.5459550607915262,1.0,0.246001548973735,4.0,30.50419207274314,0.5286665551985271,1.6764642185285359,2.205130773727063,2.188941,0.739616724574262
llama2_64_c18_m0,64,18,0,0.662153,792198498.0,1053220480.0,271085870.0,1.329491,1022694.0,24305.416381,587.0,74607.325383,25165824.0,25165824.0,393216.0,31.432523620298806,-30.102409875336427,50724864.0,2.548523692621144,1.0,0.2459846459512525,4.0,0.0,0.5268570554641758,0.12927351770898535,0.6561305731731611,0.662153,-0.9095219423364155
llama2_64_c18_m2,64,18,2,0.662153,792198498.0,1053220480.0,271085870.0,1.329491,1022694.0,24305.416381,587.0,74607.325383,25165824.0,25165824.0,393216.0,31.432523620298806,-30.102409875336427,50724864.0,2.548523692621144,1.0,0.2459846459512525,4.0,0.0,0.5268570554641758,0.12927351770898535,0.6561305731731611,0.662153,-0.9095219423364155
llama2_64_c18_m4,64,18,4,0.662153,792198498.0,1053220480.0,271085870.0,1.329491,1022694.0,24305.416381,587.0,74607.325383,25165824.0,25165824.0,393216.0,31.432523620298806,-30.102409875336427,50724864.0,2.548523692621144,1.0,0.2459846459512525,4.0,0.0,0.5268570554641758,0.12927351770898535,0.6561305731731611,0.662153,-0.9095219423364155
llama2_64_c18_m8,64,18,8,0.66216,792198498.0,1053224842.0,271094550.0,1.329496,1022695.0,24301.272129,587.0,76048.551959,25165824.0,25165824.0,393216.0,31.428272160101454,-30.102409875336427,50724864.0,2.548523692621144,1.0,0.2459846459512525,4.0,0.98393858380501,0.5251730552728512,0.1791836685568471,0.7043567238296983,0.66216,6.372587264361831
llama2_64_c18_m16,64,18,16,0.790348,792198498.0,1053218132.0,527477110.0,1.329488,1022694.0,24304.369147,587.0,75101.362862,25165824.0,25165824.0,393216.0,31.431537756364204,-30.102409875336427,50724864.0,2.548523692621144,1.0,0.2459846459512525,4.0,2.95181575141503,0.5264665555000637,0.2790039702525705,0.8054705257526342,0.790348,1.913400900949224
llama2_64_c18_m32,64,18,32,1.040931,792198498.0,1053211734.0,1028650790.0,1.32948,1022694.0,24303.588855,587.0,75694.207836,25165824.0,25165824.0,393216.0,31.43096971698008,-30.102409875336427,50724864.0,2.548523692621144,1.0,0.2459846459512525,4.0,6.88757008663507,0.5262415555266098,0.4786445736440175,1.0048861291706273,1.040931,-3.4627531343934224
llama2_64_c18_m64,64,18,64,1.423095,792198498.0,1053198402.0,1792992550.0,1.329463,1022694.0,24300.935079,587.0,76068.994889,25165824.0,25165824.0,393216.0,31.427821515110555,-30.102409875336427,50724864.0,2.548523692621144,1.0,0.2459846459512525,4.0,14.75907875707515,0.5249945551303905,0.8779257804269114,1.402920335557302,1.423095,-1.4176611148727323
llama2_64_c18_m128,64,18,128,2.188941,792198498.0,1053220162.0,3324660870.0,1.32949,1022695.0,24307.699265,587.0,76753.833049,25165824.0,25165824.0,393216.0,31.437091919125223,-30.102409875336427,50724864.0,2.548523692621144,1.0,0.2459846459512525,4.0,30.50209609795531,0.5286665551985271,1.6764881939926992,2.2051547491912262,2.188941,0.7407120242723044
llama2_64_c50_m0,64,50,0,0.73539,792198498.0,1053227536.0,417553310.0,1.3295,1022694.0,24303.400137,587.0,74801.53322,25165824.0,25165824.0,393216.0,31.430064639821143,-30.102409875336427,50724864.0,4.046091684712972,1.0,0.2407121569697771,8.0,0.0,0.5258830551436681,0.2052374504385964,0.7311205055822645,0.73539,-0.5805755337624251
llama2_64_c50_m2,64,50,2,0.73539,792198498.0,1053227536.0,417553310.0,1.3295,1022694.0,24303.400137,587.0,74801.53322,25165824.0,25165824.0,393216.0,31.430064639821143,-30.102409875336427,50724864.0,4.046091684712972,1.0,0.2407121569697771,8.0,0.0,0.5258830551436681,0.2052374504385964,0.7311205055822645,0.73539,-0.5805755337624251
llama2_64_c50_m4,64,50,4,0.73539,792198498.0,1053227536.0,417553310.0,1.3295,1022694.0,24303.400137,587.0,74801.53322,25165824.0,25165824.0,393216.0,31.430064639821143,-30.102409875336427,50724864.0,4.046091684712972,1.0,0.2407121569697771,8.0,0.0,0.5258830551436681,0.2052374504385964,0.7311205055822645,0.73539,-0.5805755337624251
llama2_64_c50_m8,64,50,8,0.735389,792198498.0,1053216160.0,417561430.0,1.329485,1022695.0,24302.665995,587.0,77721.465077,25165824.0,25165824.0,393216.0,31.43131117089889,-30.102409875336427,50724864.0,4.046091684712972,1.0,0.2407121569697771,8.0,0.0,0.5263768051674189,0.2052374504385964,0.7316142556060153,0.735389,-0.5132990014787574
llama2_64_c50_m16,64,50,16,0.792805,792198498.0,1053220124.0,532389990.0,1.32949,1022695.0,24305.158918,587.0,76620.954003,25165824.0,25165824.0,393216.0,31.433713977634646,-30.102409875336427,50724864.0,4.046091684712972,1.0,0.2407121569697771,8.0,1.9256972557582168,0.5273285551109438,0.30291818184210517,0.830246736953049,0.792805,4.722691828766087
llama2_64_c50_m32,64,50,32,1.043391,792198498.0,1053211120.0,1033570950.0,1.329479,1022694.0,24308.433412,587.0,76227.427598,25165824.0,25165824.0,393216.0,31.437618933546567,-30.102409875336427,50724864.0,4.046091684712972,1.0,0.2407121569697771,8.0,5.7770917672746505,0.5288753052150337,0.4982796446491227,1.0271549498641563,1.043391,-1.556084932287476
llama2_64_c50_m64,64,50,64,1.425564,792198498.0,1053213230.0,1797915510.0,1.329481,1022694.0,24304.620444,587.0,75874.787053,25165824.0,25165824.0,393216.0,31.432435258613992,-30.102409875336427,50724864.0,4.046091684712972,1.0,0.2407121569697771,8.0,13.479880790307519,0.5268220554671807,0.8890025702631579,1.4158246257303386,1.425564,-0.6831944598531827
llama2_64_c50_m128,64,50,128,2.191158,792198498.0,1053216998.0,3329099430.0,1.329486,1022694.0,24304.995923,587.0,78120.102215,25165824.0,25165824.0,393216.0,31.434583710201334,-30.102409875336427,50724864.0,4.046091684712972,1.0,0.2407121569697771,8.0,28.885458836373253,0.5276730555274397,1.670448421491228,2.1981214770186677,2.191158,0.3177989455195612
llama2_64_c500_m0,64,500,0,2.532532,792198498.0,1053242714.0,4011820910.0,1.329519,1022695.0,24304.800063,587.0,76385.860307,25165824.0,25165824.0,393216.0,31.43307651213193,-30.102409875336427,50724864.0,39.54401287741587,1.0,0.0026322591493154798,28.0,0.0,0.5270760555040543,2.0058646752211686,2.532940730725223,2.532532,0.016139212662394122
llama2_64_c500_m2,64,500,2,2.532532,792198498.0,1053242714.0,4011820910.0,1.329519,1022695.0,24304.800063,587.0,76385.860307,25165824.0,25165824.0,393216.0,31.43307651213193,-30.102409875336427,50724864.0,39.54401287741587,1.0,0.0026322591493154798,28.0,0.0,0.5270760555040543,2.0058646752211686,2.532940730725223,2.532532,0.016139212662394122
llama2_64_c500_m4,64,500,4,2.532532,792198498.0,1053242714.0,4011820910.0,1.329519,1022695.0,24304.800063,587.0,76385.860307,25165824.0,25165824.0,393216.0,31.43307651213193,-30.102409875336427,50724864.0,39.54401287741587,1.0,0.0026322591493154798,28.0,0.0,0.5270760555040543,2.0058646752211686,2.532940730725223,2.532532,0.016139212662394122
llama2_64_c500_m8,64,500,8,2.532513,792198498.0,1053197750.0,4011828470.0,1.329462,1022694.0,24302.210143,587.0,75563.032368,25165824.0,25165824.0,393216.0,31.429092661553184,-30.102409875336427,50724864.0,39.54401287741587,1.0,0.0026322591493154798,28.0,0.0,0.5254980552816853,2.0058646752211686,2.531362730502854,2.532513,-0.045420082627252736
llama2_64_c500_m16,64,500,16,2.532521,792198498.0,1053218922.0,4011822870.0,1.329489,1022694.0,24306.539884,587.0,76155.025554,25165824.0,25165824.0,393216.0,31.435120822619506,-30.102409875336427,50724864.0,39.54401287741587,1.0,0.0026322591493154798,28.0,0.0,0.5278858053529063,2.0058646752211686,2.533750480574075,2.532521,0.04854769512573147
llama2_64_c500_m32,64,500,32,2.533018,792198498.0,1053223640.0,4012812670.0,1.329495,1022694.0,24305.380202,587.0,76200.170358,25165824.0,25165824.0,393216.0,31.433657174523365,-30.102409875336427,50724864.0,39.54401287741587,1.0,0.0026322591493154798,28.0,0.010529036597261919,0.5273060554412243,2.0063987591706156,2.53370481461184,2.533018,0.027114478137925807
llama2_64_c500_m64,64,500,64,2.536899,792198498.0,1053208968.0,4020589950.0,1.329476,1022694.0,24304.518751,587.0,75626.064736,25165824.0,25165824.0,393216.0,31.43211968010475,-30.102409875336427,50724864.0,39.54401287741587,1.0,0.0026322591493154798,28.0,0.09476132937535728,0.5266970550566699,2.0106714307661933,2.537368485822863,2.536899,0.018506287513342184
llama2_64_c500_m128,64,500,128,2.545962,792198498.0,1053220364.0,4038703990.0,1.32949,1022695.0,24303.841321,587.0,77327.938671,25165824.0,25165824.0,393216.0,31.432536873832817,-30.102409875336427,50724864.0,39.54401287741587,1.0,0.0026322591493154798,28.0,0.26322591493154796,0.5268623051790441,2.0192167739573468,2.546079079136391,2.545962,0.004598620733190069
llama2_64_c5000_m0,64,5000,0,20.5037,792198498.0,1053202886.0,39954196190.0,1.329468,1022695.0,24301.584539,587.0,75347.529813,25165824.0,25165824.0,393216.0,31.428156027774794,-30.102409875336427,50724864.0,393.83164482627944,1.0,0.0026348191920585276,28.0,0.0,0.5251270553454764,19.97705662270933,20.502183678054806,20.5037,-0.007395357643707234
llama2_64_c5000_m2,64,5000,2,20.5037,792198498.0,1053202886.0,39954196190.0,1.329468,1022695.0,24301.584539,587.0,75347.529813,25165824.0,25165824.0,393216.0,31.428156027774794,-30.102409875336427,50724864.0,393.83164482627944,1.0,0.0026348191920585276,28.0,0.0,0.5251270553454764,19.97705662270933,20.502183678054806,20.5037,-0.007395357643707234
llama2_64_c5000_m4,64,5000,4,20.5037,792198498.0,1053202886.0,39954196190.0,1.329468,1022695.0,24301.584539,587.0,75347.529813,25165824.0,25165824.0,393216.0,31.428156027774794,-30.102409875336427,50724864.0,393.83164482627944,1.0,0.0026348191920585276,28.0,0.0,0.5251270553454764,19.97705662270933,20.502183678054806,20.5037,-0.007395357643707234
llama2_64_c5000_m8,64,5000,8,20.503703,792198498.0,1053208402.0,39954197870.0,1.329475,1022695.0,24305.183364,587.0,75943.781942,25165824.0,25165824.0,393216.0,31.433243768212666,-30.102409875336427,50724864.0,393.83164482627944,1.0,0.0026348191920585276,28.0,0.0,0.5271423055120247,19.97705662270933,20.504198928221356,20.503703,0.0024187251510363866
llama2_64_c5000_m16,64,5000,16,20.503731,792198498.0,1053241478.0,39954220830.0,1.329517,1022694.0,24306.696333,587.0,75314.310051,25165824.0,25165824.0,393216.0,31.43469984158066,-30.102409875336427,50724864.0,393.83164482627944,1.0,0.0026348191920585276,28.0,0.0,0.5277190550795758,19.97705662270933,20.504775677788906,20.503731,0.005095061912916888
llama2_64_c5000_m32,64,5000,32,20.504216,792198498.0,1053215774.0,39955215670.0,1.329485,1022694.0,24305.580653,587.0,74891.822828,25165824.0,25165824.0,393216.0,31.432946494098527,-30.102409875336427,50724864.0,393.83164482627944,1.0,0.0026348191920585276,28.0,0.01053927676823411,0.527024555458667,19.977591226090055,20.504615781548722,20.504216,0.0019497529128762801
llama2_64_c5000_m64,64,5000,64,20.508102,792198498.0,1053207120.0,39962997150.0,1.329474,1022694.0,24302.763583,587.0,77907.155026,25165824.0,25165824.0,393216.0,31.43154406706899,-30.102409875336427,50724864.0,393.83164482627944,1.0,0.0026348191920585276,28.0,0.094853490914107,0.5264690551654906,19.981868053135873,20.508337108301365,20.508102,0.0011464166765130495
llama2_64_c5000_m128,64,5000,128,20.517161,792198498.0,1053214220.0,39981108110.0,1.329483,1022695.0,24303.781675,587.0,76163.543441,25165824.0,25165824.0,393216.0,31.431597084540282,-30.102409875336427,50724864.0,393.83164482627944,1.0,0.0026348191920585276,28.0,0.26348191920585273,0.526490055346053,19.990421707227505,20.516911762573557,20.517161,-0.0012147754089607847
llama2_128_c5_m0,128,5,0,0.606659,774750745.0,952595206.0,260722180.0,1.229551,939615.0,25317.283675,587.0,75299.829642,25165824.0,25165824.0,196608.0,30.761765192345806,-29.532214192345805,50528256.0,2.460062785186242,1.0,0.2456535462885703,4.0,0.0,0.4762977766327478,0.12430268218596345,0.6006004588187113,0.606659,-0.9986732548744319
llama2_128_c5_m2,128,5,2,0.606659,774750745.0,952595206.0,260722180.0,1.229551,939615.0,25317.283675,587.0,75299.829642,25165824.0,25165824.0,196608.0,30.761765192345806,-29.532214192345805,50528256.0,2.460062785186242,1.0,0.2456535462885703,4.0,0.0,0.4762977766327478,0.12430268218596345,0.6006004588187113,0.606659,-0.9986732548744319
llama2_128_c5_m4,128,5,4,0.606659,774750745.0,952595206.0,260722180.0,1.229551,939615.0,25317.283675,587.0,75299.829642,25165824.0,25165824.0,196608.0,30.761765192345806,-29.532214192345805,50528256.0,2.460062785186242,1.0,0.2456535462885703,4.0,0.0,0.4762977766327478,0.12430268218596345,0.6006004588187113,0.606659,-0.9986732548744319
llama2_128_c5_m8,128,5,8,0.606659,774750745.0,952595206.0,260722180.0,1.229551,939615.0,25317.283675,587.0,75299.829642,25165824.0,25165824.0,196608.0,30.761765192345806,-29.532214192345805,50528256.0,2.460062785186242,1.0,0.2456535462885703,4.0,0.9826141851542812,0.4762977766327478,0.17395246328267036,0.6502502399154182,0.606659,7.185460022091199
llama2_128_c5_m16,128,5,16,0.733658,774750745.0,952579402.0,514736220.0,1.22953,939616.0,25309.210358,587.0,76579.216354,25165824.0,25165824.0,196608.0,30.752975913230422,-29.532214192345805,50528256.0,2.460062785186242,1.0,0.2456535462885703,4.0,2.947842555462844,0.4728930263614197,0.2732520254760842,0.7461450518375039,0.733658,1.702026262577914
llama2_128_c5_m32,128,5,32,0.984805,774750745.0,952595414.0,1017014500.0,1.229551,939615.0,25316.12735,587.0,77536.626917,25165824.0,25165824.0,196608.0,30.762057544030537,-29.532214192345805,50528256.0,2.460062785186242,1.0,0.2456535462885703,4.0,6.878299296079969,0.4764110264755215,0.471851149862912,0.9482621763384336,0.984805,-3.7106659350395734
llama2_128_c5_m64,128,5,64,1.364673,774750745.0,952582664.0,1776762860.0,1.229534,939615.0,25313.605572,587.0,75657.58092,25165824.0,25165824.0,196608.0,30.757575456781026,-29.532214192345805,50528256.0,2.460062785186242,1.0,0.2456535462885703,4.0,14.739212777314219,0.474674776257665,0.8690493986365673,1.3437241748942323,1.364673,-1.5350802064500197
llama2_128_c5_m128,128,5,128,2.12505,774750745.0,952583752.0,3297515660.0,1.229536,939616.0,25312.045559,587.0,75368.824532,25165824.0,25165824.0,196608.0,30.755497369629023,-29.532214192345805,50528256.0,2.460062785186242,1.0,0.2456535462885703,4.0,30.461039739782716,0.47386977647307005,1.663445896183878,2.137315672656948,2.12505,0.5771945439847586
llama2_128_c9_m0,128,9,0,0.606678,774750745.0,952576404.0,260779300.0,1.229526,939615.0,25312.183181,587.0,76332.197615,25165824.0,25165824.0,196608.0,30.75636151807162,-29.532214192345805,50528256.0,2.46060750985442,1.0,0.24564812879696082,4.0,0.0,0.474204526297917,0.12433020617344666,0.5985347324713637,0.606678,-1.342271769972929
llama2_128_c9_m2,128,9,2,0.606678,774750745.0,952576404.0,260779300.0,1.229526,939615.0,25312.183181,587.0,76332.197615,25165824.0,25165824.0,196608.0,30.75636151807162,-29.532214192345805,50528256.0,2.46060750985442,1.0,0.24564812879696082,4.0,0.0,0.474204526297917,0.12433020617344666,0.5985347324713637,0.606678,-1.342271769972929
llama2_128_c9_m4,128,9,4,0.606678,774750745.0,952576404.0,260779300.0,1.229526,939615.0,25312.183181,587.0,76332.197615,25165824.0,25165824.0,196608.0,30.75636151807162,-29.532214192345805,50528256.0,2.46060750985442,1.0,0.24564812879696082,4.0,0.0,0.474204526297917,0.12433020617344666,0.5985347324713637,0.606678,-1.342271769972929
llama2_128_c9_m8,128,9,8,0.606677,774750745.0,952573194.0,260779860.0,1.229522,939615.0,25309.100536,587.0,75395.229983,25165824.0,25165824.0,196608.0,30.751912991233926,-29.532214192345805,50528256.0,2.46060750985442,1.0,0.24564812879696082,4.0,0.9825925151878433,0.47248127655708855,0.17397889232454192,0.6464601688816305,0.606677,6.557553505676079
llama2_128_c9_m16,128,9,16,0.7337,774750745.0,952600672.0,514799220.0,1.229558,939615.0,25320.266811,587.0,76289.608177,25165824.0,25165824.0,196608.0,30.76613304788454,-29.532214192345805,50528256.0,2.46060750985442,1.0,0.24564812879696082,4.0,2.9477775455635298,0.47798977629909156,0.2732762646267324,0.7512660409258239,0.7337,2.3941721310922612
llama2_128_c9_m32,128,9,32,0.984811,774750745.0,952583520.0,1017038020.0,1.229535,939616.0,25314.912688,587.0,75603.06644,25165824.0,25165824.0,196608.0,30.759152093810616,-29.532214192345805,50528256.0,2.46060750985442,1.0,0.24564812879696082,4.0,6.878147606314903,0.47528552661429974,0.47187100923111336,0.947156535845413,0.984811,-3.823521889437359
llama2_128_c9_m64,128,9,64,1.364673,774750745.0,952582664.0,1776762860.0,1.229534,939615.0,25313.605572,587.0,75657.58092,25165824.0,25165824.0,196608.0,30.757575456781026,-29.532214192345805,50528256.0,2.46060750985442,1.0,0.24564812879696082,4.0,14.73888772781765,0.474674776257665,0.8690604984398753,1.3437352746975404,1.364673,-1.534266839195883
llama2_128_c9_m128,128,9,128,2.12505,774750745.0,952583752.0,3297515660.0,1.229536,939616.0,25312.045559,587.0,75368.824532,25165824.0,25165824.0,196608.0,30.755497369629023,-29.532214192345805,50528256.0,2.46060750985442,1.0,0.24564812879696082,4.0,30.460367970823143,0.47386977647307005,1.663439476857399,2.137309253330469,2.12505,0.5768924651405515
llama2_128_c14_m0,128,14,0,0.606734,774750745.0,952594650.0,260873940.0,1.22955,939615.0,25321.539141,587.0,75281.09029,25165824.0,25165824.0,196608.0,30.766912008546623,-29.532214192345805,50528256.0,2.461570511487141,1.0,0.24563966468238108,4.0,0.0,0.47829152647572837,0.12437886496647321,0.6026703914422016,0.606734,-0.6697512514212842
llama2_128_c14_m2,128,14,2,0.606734,774750745.0,952594650.0,260873940.0,1.22955,939615.0,25321.539141,587.0,75281.09029,25165824.0,25165824.0,196608.0,30.766912008546623,-29.532214192345805,50528256.0,2.461570511487141,1.0,0.24563966468238108,4.0,0.0,0.47829152647572837,0.12437886496647321,0.6026703914422016,0.606734,-0.6697512514212842
llama2_128_c14_m4,128,14,4,0.606734,774750745.0,952594650.0,260873940.0,1.22955,939615.0,25321.539141,587.0,75281.09029,25165824.0,25165824.0,196608.0,30.766912008546623,-29.532214192345805,50528256.0,2.461570511487141,1.0,0.24563966468238108,4.0,0.0,0.47829152647572837,0.12437886496647321,0.6026703914422016,0.606734,-0.6697512514212842
llama2_128_c14_m8,128,14,8,0.606733,774750745.0,952590744.0,260874500.0,1.229545,939615.0,25319.119533,587.0,75393.526405,25165824.0,25165824.0,196608.0,30.7640627050956,-29.532214192345805,50528256.0,2.461570511487141,1.0,0.24563966468238108,4.0,0.9825586587295243,0.47718777649002314,0.17402584040977526,0.6512136168997984,0.606733,7.331168223880757
llama2_128_c14_m16,128,14,16,0.733735,774750745.0,952576484.0,514893300.0,1.229526,939615.0,25310.357434,587.0,76555.366269,25165824.0,25165824.0,196608.0,30.754316345120543,-29.532214192345805,50528256.0,2.461570511487141,1.0,0.24563966468238108,4.0,2.947675976188573,0.4734122766641662,0.27331979129637934,0.7467320679605456,0.733735,1.771357228501511
llama2_128_c14_m32,128,14,32,0.984865,774750745.0,952598478.0,1017132100.0,1.229555,939615.0,25319.808645,587.0,75660.988075,25165824.0,25165824.0,196608.0,30.76510110354486,-29.532214192345805,50528256.0,2.461570511487141,1.0,0.24563966468238108,4.0,6.87791061110667,0.4775900264761089,0.4719076930695876,0.9494977195456964,0.984865,-3.5910790264963826
llama2_128_c14_m64,128,14,64,1.364685,774750745.0,952591266.0,1776779660.0,1.229545,939615.0,25314.537869,587.0,76376.49063,25165824.0,25165824.0,196608.0,30.759250834641332,-29.532214192345805,50528256.0,2.461570511487141,1.0,0.24563966468238108,4.0,14.738379880942865,0.47532377638037904,0.8690834966160039,1.344407272996383,1.364685,-1.4858906636782088
llama2_128_c14_m128,128,14,128,2.12505,774750745.0,952583752.0,3297515660.0,1.229536,939616.0,25312.045559,587.0,75368.824532,25165824.0,25165824.0,196608.0,30.755497369629023,-29.532214192345805,50528256.0,2.461570511487141,1.0,0.24563966468238108,4.0,30.459318420615254,0.47386977647307005,1.6634351037088364,2.1373048801819063,2.12505,0.5766866747561921
llama2_128_c18_m0,128,18,0,0.606758,774750745.0,952579482.0,260936380.0,1.22953,939616.0,25309.376916,587.0,76770.017036,25165824.0,25165824.0,196608.0,30.753322477030196,-29.532214192345805,50528256.0,2.462228179506788,1.0,0.24563533962758838,4.0,0.0,0.473027276642452,0.12441209578453295,0.597439372426985,0.606758,-1.5358062972412474
llama2_128_c18_m2,128,18,2,0.606758,774750745.0,952579482.0,260936380.0,1.22953,939616.0,25309.376916,587.0,76770.017036,25165824.0,25165824.0,196608.0,30.753322477030196,-29.532214192345805,50528256.0,2.462228179506788,1.0,0.24563533962758838,4.0,0.0,0.473027276642452,0.12441209578453295,0.597439372426985,0.606758,-1.5358062972412474
llama2_128_c18_m4,128,18,4,0.606758,774750745.0,952579482.0,260936380.0,1.22953,939616.0,25309.376916,587.0,76770.017036,25165824.0,25165824.0,196608.0,30.753322477030196,-29.532214192345805,50528256.0,2.462228179506788,1.0,0.24563533962758838,4.0,0.0,0.473027276642452,0.12441209578453295,0.597439372426985,0.606758,-1.5358062972412474
llama2_128_c18_m8,128,18,8,0.606758,774750745.0,952579482.0,260936380.0,1.22953,939616.0,25309.376916,587.0,76770.017036,25165824.0,25165824.0,196608.0,30.753322477030196,-29.532214192345805,50528256.0,2.462228179506788,1.0,0.24563533962758838,4.0,0.9825413585103535,0.473027276642452,0.17405819707793188,0.6470854737203838,0.606758,6.646385168449993
llama2_128_c18_m16,128,18,16,0.733774,774750745.0,952594868.0,514952940.0,1.22955,939616.0,25315.9264,587.0,78395.229983,25165824.0,25165824.0,196608.0,30.76249704059649,-29.532214192345805,50528256.0,2.462228179506788,1.0,0.24563533962758838,4.0,2.9476240755310608,0.47658127662147,0.27335039966472974,0.7499316762861997,0.733774,2.2019962939814826
llama2_128_c18_m32,128,18,32,0.984891,774750745.0,952589464.0,1017191740.0,1.229543,939615.0,25315.259441,587.0,75759.795571,25165824.0,25165824.0,196608.0,30.75965870759555,-29.532214192345805,50528256.0,2.462228179506788,1.0,0.24563533962758838,4.0,6.877789509572475,0.47548177631795135,0.4719348048383254,0.9474165811562767,0.984891,-3.804930580513302
llama2_128_c18_m64,128,18,64,1.364709,774750745.0,952574138.0,1776843220.0,1.229523,939615.0,25313.54757,587.0,74973.594549,25165824.0,25165824.0,196608.0,30.75698688096881,-29.532214192345805,50528256.0,2.462228179506788,1.0,0.24563533962758838,4.0,14.738120377655303,0.47444677648316325,0.8691036151855168,1.3435503916686802,1.364709,-1.5504117237682007
llama2_128_c18_m128,128,18,128,2.12505,774750745.0,952583752.0,3297515660.0,1.229536,939616.0,25312.045559,587.0,75368.824532,25165824.0,25165824.0,196608.0,30.755497369629023,-29.532214192345805,50528256.0,2.462228179506788,1.0,0.24563533962758838,4.0,30.45878211382096,0.47386977647307005,1.6634412358798996,2.1373110123529697,2.12505,0.5769752407223282
llama2_128_c50_m0,128,50,0,0.607382,774750745.0,952599094.0,262165860.0,1.229556,939615.0,25320.626001,587.0,75812.606474,25165824.0,25165824.0,196608.0,30.76620726570563,-29.532214192345805,50528256.0,2.4744795549506344,1.0,0.24562713984886345,4.0,0.0,0.47801852645518267,0.1250311364193117,0.6030496628744944,0.607382,-0.7132804603207907
llama2_128_c50_m2,128,50,2,0.607382,774750745.0,952599094.0,262165860.0,1.229556,939615.0,25320.626001,587.0,75812.606474,25165824.0,25165824.0,196608.0,30.76620726570563,-29.532214192345805,50528256.0,2.4744795549506344,1.0,0.24562713984886345,4.0,0.0,0.47801852645518267,0.1250311364193117,0.6030496628744944,0.607382,-0.7132804603207907
llama2_128_c50_m4,128,50,4,0.607382,774750745.0,952599094.0,262165860.0,1.229556,939615.0,25320.626001,587.0,75812.606474,25165824.0,25165824.0,196608.0,30.76620726570563,-29.532214192345805,50528256.0,2.4744795549506344,1.0,0.24562713984886345,4.0,0.0,0.47801852645518267,0.1250311364193117,0.6030496628744944,0.607382,-0.7132804603207907
llama2_128_c50_m8,128,50,8,0.607383,774750745.0,952601932.0,262163620.0,1.229559,939615.0,25320.735088,587.0,76194.207836,25165824.0,25165824.0,196608.0,30.766628691284257,-29.532214192345805,50528256.0,2.4744795549506344,1.0,0.24562713984886345,4.0,0.9825085593954538,0.47818177634568393,0.1746755804306364,0.6528573567763203,0.607383,7.486932755167707
llama2_128_c50_m16,128,50,16,0.734384,774750745.0,952585686.0,516182980.0,1.229538,939616.0,25311.261728,587.0,76844.974446,25165824.0,25165824.0,196608.0,30.75566516533811,-29.532214192345805,50528256.0,2.4744795549506344,1.0,0.24562713984886345,4.0,2.9475256781863615,0.47393477639838233,0.2739644684532858,0.7478992448516681,0.734384,1.8403512129441961
llama2_128_c50_m32,128,50,32,0.985502,774750745.0,952581814.0,1018421780.0,1.229533,939615.0,25315.528701,587.0,74282.793867,25165824.0,25165824.0,196608.0,30.75886619559177,-29.532214192345805,50528256.0,2.4744795549506344,1.0,0.24562713984886345,4.0,6.877559915768177,0.47517477668527763,0.4725422444985846,0.9477170211838623,0.985502,-3.834084437792895
llama2_128_c50_m64,128,50,64,1.365323,774750745.0,952575550.0,1778069620.0,1.229525,939615.0,25312.936149,587.0,75211.243612,25165824.0,25165824.0,196608.0,30.756425409623684,-29.532214192345805,50528256.0,2.4744795549506344,1.0,0.24562713984886345,4.0,14.737628390931807,0.4742292763116971,0.8696977965891822,1.3439270729008794,1.365323,-1.5670963646785878
llama2_128_c50_m128,128,50,128,2.125613,774750745.0,952597764.0,3298629220.0,1.229554,939615.0,25317.996201,587.0,75795.570698,25165824.0,25165824.0,196608.0,30.763004946064743,-29.532214192345805,50528256.0,2.4744795549506344,1.0,0.24562713984886345,4.0,30.457765341259066,0.47677802669142966,1.6640089007703776,2.140786927461807,2.125613,0.7138612466995278
llama2_128_c500_m0,128,500,0,1.471489,774750745.0,952570070.0,1990407620.0,1.229518,939615.0,25313.675282,587.0,76463.373083,25165824.0,25165824.0,196608.0,30.758270519760718,-29.532214192345805,50528256.0,19.702896731682166,1.0,0.20430183286951373,64.0,0.0,0.4749440265383338,0.9955530099999998,1.4704970365383336,1.471489,-0.0674122240578361
llama2_128_c500_m2,128,500,2,1.471489,774750745.0,952570070.0,1990407620.0,1.229518,939615.0,25313.675282,587.0,76463.373083,25165824.0,25165824.0,196608.0,30.758270519760718,-29.532214192345805,50528256.0,19.702896731682166,1.0,0.20430183286951373,64.0,0.0,0.4749440265383338,0.9955530099999998,1.4704970365383336,1.471489,-0.0674122240578361
llama2_128_c500_m4,128,500,4,1.471489,774750745.0,952570070.0,1990407620.0,1.229518,939615.0,25313.675282,587.0,76463.373083,25165824.0,25165824.0,196608.0,30.758270519760718,-29.532214192345805,50528256.0,19.702896731682166,1.0,0.20430183286951373,64.0,0.0,0.4749440265383338,0.9955530099999998,1.4704970365383336,1.471489,-0.0674122240578361
llama2_128_c500_m8,128,500,8,1.471487,774750745.0,952565782.0,1990407620.0,1.229513,939615.0,25311.914986,587.0,75810.902896,25165824.0,25165824.0,196608.0,30.755641286373127,-29.532214192345805,50528256.0,19.702896731682166,1.0,0.20430183286951373,64.0,0.0,0.4739255262754264,0.9955530099999998,1.4694785362754264,1.471487,-0.13649211475015677
llama2_128_c500_m16,128,500,16,1.471498,774750745.0,952584652.0,1990410980.0,1.229537,939615.0,25318.004715,587.0,77819.420784,25165824.0,25165824.0,196608.0,30.76454866821062,-29.532214192345805,50528256.0,19.702896731682166,1.0,0.20430183286951373,64.0,0.0,0.4773760266327246,0.9955530099999998,1.4729290366327246,1.471498,0.0972503280823074
llama2_128_c500_m32,128,500,32,1.471739,774750745.0,952572032.0,1990906860.0,1.229521,939615.0,25311.520144,587.0,74710.391823,25165824.0,25165824.0,196608.0,30.7543286068149,-29.532214192345805,50528256.0,19.702896731682166,1.0,0.20430183286951373,64.0,0.0,0.4734170265425858,0.9955530099999998,1.4689700365425855,1.471739,-0.18814228999940869
llama2_128_c500_m64,128,500,64,1.473691,774750745.0,952587568.0,1994793820.0,1.229541,939615.0,25315.999106,587.0,75011.073254,25165824.0,25165824.0,196608.0,30.759988491504178,-29.532214192345805,50528256.0,19.702896731682166,1.0,0.20430183286951373,64.0,0.0,0.4756095264824012,0.9955530099999998,1.471162536482401,1.473691,-0.17157351965907747
llama2_128_c500_m128,128,500,128,2.132524,774750745.0,952596246.0,3312451980.0,1.229552,939615.0,25320.351421,587.0,74224.872232,25165824.0,25165824.0,196608.0,30.764671288496917,-29.532214192345805,50528256.0,19.702896731682166,1.0,0.20430183286951373,64.0,13.075317303648879,0.4774235267118054,1.6562259900000003,2.1336495167118055,2.132524,0.052778618754367373
llama2_128_c5000_m0,128,5000,0,10.387976,774750745.0,952581854.0,19823370180.0,1.229533,939615.0,25312.67434,587.0,76182.282794,25165824.0,25165824.0,196608.0,30.756843609074785,-29.532214192345805,50528256.0,196.16078355839886,1.0,0.0013192405799724596,28.0,0.0,0.4743912764798466,9.911662288799368,10.386053565279214,10.387976,-0.018506345420763532
llama2_128_c5000_m2,128,5000,2,10.387976,774750745.0,952581854.0,19823370180.0,1.229533,939615.0,25312.67434,587.0,76182.282794,25165824.0,25165824.0,196608.0,30.756843609074785,-29.532214192345805,50528256.0,196.16078355839886,1.0,0.0013192405799724596,28.0,0.0,0.4743912764798466,9.911662288799368,10.386053565279214,10.387976,-0.018506345420763532
llama2_128_c5000_m4,128,5000,4,10.387976,774750745.0,952581854.0,19823370180.0,1.229533,939615.0,25312.67434,587.0,76182.282794,25165824.0,25165824.0,196608.0,30.756843609074785,-29.532214192345805,50528256.0,196.16078355839886,1.0,0.0013192405799724596,28.0,0.0,0.4743912764798466,9.911662288799368,10.386053565279214,10.387976,-0.018506345420763532
llama2_128_c5000_m8,128,5000,8,10.387977,774750745.0,952584236.0,19823370460.0,1.229536,939615.0,25312.845155,587.0,76724.020443,25165824.0,25165824.0,196608.0,30.75746122750145,-29.532214192345805,50528256.0,196.16078355839886,1.0,0.0013192405799724596,28.0,0.0,0.4746305266479393,9.911662288799368,10.386292815447307,10.387977,-0.01621282519871057
llama2_128_c5000_m16,128,5000,16,10.387977,774750745.0,952584236.0,19823370460.0,1.229536,939615.0,25312.845155,587.0,76724.020443,25165824.0,25165824.0,196608.0,30.75746122750145,-29.532214192345805,50528256.0,196.16078355839886,1.0,0.0013192405799724596,28.0,0.0,0.4746305266479393,9.911662288799368,10.386292815447307,10.387977,-0.01621282519871057
llama2_128_c5000_m32,128,5000,32,10.388228,774750745.0,952589116.0,19823866340.0,1.229543,939616.0,25316.446825,587.0,75652.470187,25165824.0,25165824.0,196608.0,30.76105012318377,-29.532214192345805,50528256.0,196.16078355839886,1.0,0.0013192405799724596,28.0,0.005276962319889838,0.47602077644974167,9.911928924502371,10.387949700952113,10.388228,-0.002678984788230259
llama2_128_c5000_m64,128,5000,64,10.39017,774750745.0,952585360.0,19827754140.0,1.229538,939616.0,25312.166885,587.0,76466.780239,25165824.0,25165824.0,196608.0,30.756476393987143,-29.532214192345805,50528256.0,196.16078355839886,1.0,0.0013192405799724596,28.0,0.047492660879008546,0.4742490263984834,9.914062010126385,10.388311036524868,10.39017,-0.01789155976399951
llama2_128_c5000_m128,128,5000,128,10.394684,774750745.0,952579524.0,19836789180.0,1.22953,939615.0,25311.042821,587.0,75965.92845,25165824.0,25165824.0,196608.0,30.754700984836177,-29.532214192345805,50528256.0,196.16078355839886,1.0,0.0013192405799724596,28.0,0.13192405799724596,0.4735612766172881,9.918328181374413,10.3918894579917,10.394684,-0.026884338266553526
